,Units,scenario,region,sector,subsector,technology,Year,value
0,EJ,"GCAM_SSP2,date=2022-3-12T23:02:47+06:015",Africa_Western,H2 central production,biomass,biomass to H2,2025,0.00123186
1,EJ,"GCAM_SSP2,date=2022-3-12T23:02:47+06:015",Africa_Western,H2 central production,biomass,biomass to H2,2030,0.007231924
2,EJ,"GCAM_SSP2,date=2022-3-12T23:02:47+06:015",Africa_Western,H2 central production,biomass,biomass to H2,2035,0.018610905
3,EJ,"GCAM_SSP2,date=2022-3-12T23:02:47+06:015",Africa_Western,H2 central production,biomass,biomass to H2,2040,0.036743820999999996
4,EJ,"GCAM_SSP2,date=2022-3-12T23:02:47+06:015",Africa_Western,H2 central production,biomass,biomass to H2,2045,0.060829971
5,EJ,"GCAM_SSP2,date=2022-3-12T23:02:47+06:015",Africa_Western,H2 central production,biomass,biomass to H2,2050,0.088061927
6,EJ,"GCAM_SSP2,date=2022-3-12T23:02:47+06:015",Africa_Western,H2 central production,biomass,biomass to H2,2055,0.12082863200000002
7,EJ,"GCAM_SSP2,date=2022-3-12T23:02:47+06:015",Africa_Western,H2 central production,biomass,biomass to H2,2060,0.15977830399999998
8,EJ,"GCAM_SSP2,date=2022-3-12T23:02:47+06:015",Africa_Western,H2 central production,biomass,biomass to H2,2065,0.20367748000000002
9,EJ,"GCAM_SSP2,date=2022-3-12T23:02:47+06:015",Africa_Western,H2 central production,biomass,biomass to H2,2070,0.25315811
10,EJ,"GCAM_SSP2,date=2022-3-12T23:02:47+06:015",Africa_Western,H2 central production,biomass,biomass to H2,2075,0.30708475
11,EJ,"GCAM_SSP2,date=2022-3-12T23:02:47+06:015",Africa_Western,H2 central production,biomass,biomass to H2,2080,0.36405733
12,EJ,"GCAM_SSP2,date=2022-3-12T23:02:47+06:015",Africa_Western,H2 central production,biomass,biomass to H2,2085,0.424344
13,EJ,"GCAM_SSP2,date=2022-3-12T23:02:47+06:015",Africa_Western,H2 central production,biomass,biomass to H2,2090,0.4881538
14,EJ,"GCAM_SSP2,date=2022-3-12T23:02:47+06:015",Africa_Western,H2 central production,biomass,biomass to H2,2095,0.5555378
15,EJ,"GCAM_SSP2,date=2022-3-12T23:02:47+06:015",Africa_Western,H2 central production,biomass,biomass to H2,2100,0.6285853
16,EJ,"GCAM_SSP2,date=2022-3-12T23:02:47+06:015",Africa_Western,H2 central production,electricity,electrolysis,2025,5.17228e-05
17,EJ,"GCAM_SSP2,date=2022-3-12T23:02:47+06:015",Africa_Western,H2 central production,electricity,electrolysis,2030,0.0002859664614
18,EJ,"GCAM_SSP2,date=2022-3-12T23:02:47+06:015",Africa_Western,H2 central production,electricity,electrolysis,2035,0.000605474198
19,EJ,"GCAM_SSP2,date=2022-3-12T23:02:47+06:015",Africa_Western,H2 central production,electricity,electrolysis,2040,0.001074362305
20,EJ,"GCAM_SSP2,date=2022-3-12T23:02:47+06:015",Africa_Western,H2 central production,electricity,electrolysis,2045,0.001705432561
21,EJ,"GCAM_SSP2,date=2022-3-12T23:02:47+06:015",Africa_Western,H2 central production,electricity,electrolysis,2050,0.002545493216
22,EJ,"GCAM_SSP2,date=2022-3-12T23:02:47+06:015",Africa_Western,H2 central production,electricity,electrolysis,2055,0.003481567965
23,EJ,"GCAM_SSP2,date=2022-3-12T23:02:47+06:015",Africa_Western,H2 central production,electricity,electrolysis,2060,0.004578811515
24,EJ,"GCAM_SSP2,date=2022-3-12T23:02:47+06:015",Africa_Western,H2 central production,electricity,electrolysis,2065,0.005744081406
25,EJ,"GCAM_SSP2,date=2022-3-12T23:02:47+06:015",Africa_Western,H2 central production,electricity,electrolysis,2070,0.00683827418
26,EJ,"GCAM_SSP2,date=2022-3-12T23:02:47+06:015",Africa_Western,H2 central production,electricity,electrolysis,2075,0.00779773047
27,EJ,"GCAM_SSP2,date=2022-3-12T23:02:47+06:015",Africa_Western,H2 central production,electricity,electrolysis,2080,0.008676775380000001
28,EJ,"GCAM_SSP2,date=2022-3-12T23:02:47+06:015",Africa_Western,H2 central production,electricity,electrolysis,2085,0.0095894397
29,EJ,"GCAM_SSP2,date=2022-3-12T23:02:47+06:015",Africa_Western,H2 central production,electricity,electrolysis,2090,0.0105166212
30,EJ,"GCAM_SSP2,date=2022-3-12T23:02:47+06:015",Africa_Western,H2 central production,electricity,electrolysis,2095,0.011347094299999999
31,EJ,"GCAM_SSP2,date=2022-3-12T23:02:47+06:015",Africa_Western,H2 central production,electricity,electrolysis,2100,0.012172017700000001
32,EJ,"GCAM_SSP2,date=2022-3-12T23:02:47+06:015",Africa_Western,H2 central production,gas,natural gas steam reforming,2025,0.00722946
33,EJ,"GCAM_SSP2,date=2022-3-12T23:02:47+06:015",Africa_Western,H2 central production,gas,natural gas steam reforming,2030,0.036583370000000004
34,EJ,"GCAM_SSP2,date=2022-3-12T23:02:47+06:015",Africa_Western,H2 central production,gas,natural gas steam reforming,2035,0.08195268
35,EJ,"GCAM_SSP2,date=2022-3-12T23:02:47+06:015",Africa_Western,H2 central production,gas,natural gas steam reforming,2040,0.14232312
36,EJ,"GCAM_SSP2,date=2022-3-12T23:02:47+06:015",Africa_Western,H2 central production,gas,natural gas steam reforming,2045,0.22016348
37,EJ,"GCAM_SSP2,date=2022-3-12T23:02:47+06:015",Africa_Western,H2 central production,gas,natural gas steam reforming,2050,0.31720258
38,EJ,"GCAM_SSP2,date=2022-3-12T23:02:47+06:015",Africa_Western,H2 central production,gas,natural gas steam reforming,2055,0.42701314999999995
39,EJ,"GCAM_SSP2,date=2022-3-12T23:02:47+06:015",Africa_Western,H2 central production,gas,natural gas steam reforming,2060,0.55031254
40,EJ,"GCAM_SSP2,date=2022-3-12T23:02:47+06:015",Africa_Western,H2 central production,gas,natural gas steam reforming,2065,0.6794042
41,EJ,"GCAM_SSP2,date=2022-3-12T23:02:47+06:015",Africa_Western,H2 central production,gas,natural gas steam reforming,2070,0.8042106
42,EJ,"GCAM_SSP2,date=2022-3-12T23:02:47+06:015",Africa_Western,H2 central production,gas,natural gas steam reforming,2075,0.9267354
43,EJ,"GCAM_SSP2,date=2022-3-12T23:02:47+06:015",Africa_Western,H2 central production,gas,natural gas steam reforming,2080,1.0408888
44,EJ,"GCAM_SSP2,date=2022-3-12T23:02:47+06:015",Africa_Western,H2 central production,gas,natural gas steam reforming,2085,1.1449484
45,EJ,"GCAM_SSP2,date=2022-3-12T23:02:47+06:015",Africa_Western,H2 central production,gas,natural gas steam reforming,2090,1.2378953000000001
46,EJ,"GCAM_SSP2,date=2022-3-12T23:02:47+06:015",Africa_Western,H2 central production,gas,natural gas steam reforming,2095,1.314101
47,EJ,"GCAM_SSP2,date=2022-3-12T23:02:47+06:015",Africa_Western,H2 central production,gas,natural gas steam reforming,2100,1.3790046
48,EJ,"GCAM_SSP2,date=2022-3-12T23:02:47+06:015",Africa_Western,H2 central production,nuclear,thermal splitting,2025,0.000557474
49,EJ,"GCAM_SSP2,date=2022-3-12T23:02:47+06:015",Africa_Western,H2 central production,nuclear,thermal splitting,2030,0.003035565
50,EJ,"GCAM_SSP2,date=2022-3-12T23:02:47+06:015",Africa_Western,H2 central production,nuclear,thermal splitting,2035,0.007475892
51,EJ,"GCAM_SSP2,date=2022-3-12T23:02:47+06:015",Africa_Western,H2 central production,nuclear,thermal splitting,2040,0.014510397000000001
52,EJ,"GCAM_SSP2,date=2022-3-12T23:02:47+06:015",Africa_Western,H2 central production,nuclear,thermal splitting,2045,0.024284346
53,EJ,"GCAM_SSP2,date=2022-3-12T23:02:47+06:015",Africa_Western,H2 central production,nuclear,thermal splitting,2050,0.037842715
54,EJ,"GCAM_SSP2,date=2022-3-12T23:02:47+06:015",Africa_Western,H2 central production,nuclear,thermal splitting,2055,0.055676287000000005
55,EJ,"GCAM_SSP2,date=2022-3-12T23:02:47+06:015",Africa_Western,H2 central production,nuclear,thermal splitting,2060,0.077645959
56,EJ,"GCAM_SSP2,date=2022-3-12T23:02:47+06:015",Africa_Western,H2 central production,nuclear,thermal splitting,2065,0.10326247699999999
57,EJ,"GCAM_SSP2,date=2022-3-12T23:02:47+06:015",Africa_Western,H2 central production,nuclear,thermal splitting,2070,0.13145025999999999
58,EJ,"GCAM_SSP2,date=2022-3-12T23:02:47+06:015",Africa_Western,H2 central production,nuclear,thermal splitting,2075,0.16139144
59,EJ,"GCAM_SSP2,date=2022-3-12T23:02:47+06:015",Africa_Western,H2 central production,nuclear,thermal splitting,2080,0.19208383
60,EJ,"GCAM_SSP2,date=2022-3-12T23:02:47+06:015",Africa_Western,H2 central production,nuclear,thermal splitting,2085,0.22327740000000001
61,EJ,"GCAM_SSP2,date=2022-3-12T23:02:47+06:015",Africa_Western,H2 central production,nuclear,thermal splitting,2090,0.25442889
62,EJ,"GCAM_SSP2,date=2022-3-12T23:02:47+06:015",Africa_Western,H2 central production,nuclear,thermal splitting,2095,0.28503228
63,EJ,"GCAM_SSP2,date=2022-3-12T23:02:47+06:015",Africa_Western,H2 central production,nuclear,thermal splitting,2100,0.31524589999999997
64,EJ,"GCAM_SSP2,date=2022-3-12T23:02:47+06:015",Africa_Western,H2 central production,solar,electrolysis,2025,0.000134507
65,EJ,"GCAM_SSP2,date=2022-3-12T23:02:47+06:015",Africa_Western,H2 central production,solar,electrolysis,2030,0.0011850130000000002
66,EJ,"GCAM_SSP2,date=2022-3-12T23:02:47+06:015",Africa_Western,H2 central production,solar,electrolysis,2035,0.004223941
67,EJ,"GCAM_SSP2,date=2022-3-12T23:02:47+06:015",Africa_Western,H2 central production,solar,electrolysis,2040,0.011646641
68,EJ,"GCAM_SSP2,date=2022-3-12T23:02:47+06:015",Africa_Western,H2 central production,solar,electrolysis,2045,0.025023683400000003
69,EJ,"GCAM_SSP2,date=2022-3-12T23:02:47+06:015",Africa_Western,H2 central production,solar,electrolysis,2050,0.048300557
70,EJ,"GCAM_SSP2,date=2022-3-12T23:02:47+06:015",Africa_Western,H2 central production,solar,electrolysis,2055,0.0813422934
71,EJ,"GCAM_SSP2,date=2022-3-12T23:02:47+06:015",Africa_Western,H2 central production,solar,electrolysis,2060,0.1241835278
72,EJ,"GCAM_SSP2,date=2022-3-12T23:02:47+06:015",Africa_Western,H2 central production,solar,electrolysis,2065,0.17698598200000001
73,EJ,"GCAM_SSP2,date=2022-3-12T23:02:47+06:015",Africa_Western,H2 central production,solar,electrolysis,2070,0.23699464
74,EJ,"GCAM_SSP2,date=2022-3-12T23:02:47+06:015",Africa_Western,H2 central production,solar,electrolysis,2075,0.30077203
75,EJ,"GCAM_SSP2,date=2022-3-12T23:02:47+06:015",Africa_Western,H2 central production,solar,electrolysis,2080,0.36489676
76,EJ,"GCAM_SSP2,date=2022-3-12T23:02:47+06:015",Africa_Western,H2 central production,solar,electrolysis,2085,0.42826198
77,EJ,"GCAM_SSP2,date=2022-3-12T23:02:47+06:015",Africa_Western,H2 central production,solar,electrolysis,2090,0.48917099999999997
78,EJ,"GCAM_SSP2,date=2022-3-12T23:02:47+06:015",Africa_Western,H2 central production,solar,electrolysis,2095,0.546955
79,EJ,"GCAM_SSP2,date=2022-3-12T23:02:47+06:015",Africa_Western,H2 central production,solar,electrolysis,2100,0.6019783000000001
80,EJ,"GCAM_SSP2,date=2022-3-12T23:02:47+06:015",Africa_Western,H2 central production,wind,electrolysis,2025,0.000296534
81,EJ,"GCAM_SSP2,date=2022-3-12T23:02:47+06:015",Africa_Western,H2 central production,wind,electrolysis,2030,0.002001298
82,EJ,"GCAM_SSP2,date=2022-3-12T23:02:47+06:015",Africa_Western,H2 central production,wind,electrolysis,2035,0.005947154
83,EJ,"GCAM_SSP2,date=2022-3-12T23:02:47+06:015",Africa_Western,H2 central production,wind,electrolysis,2040,0.013935795
84,EJ,"GCAM_SSP2,date=2022-3-12T23:02:47+06:015",Africa_Western,H2 central production,wind,electrolysis,2045,0.026791538
85,EJ,"GCAM_SSP2,date=2022-3-12T23:02:47+06:015",Africa_Western,H2 central production,wind,electrolysis,2050,0.047080532999999994
86,EJ,"GCAM_SSP2,date=2022-3-12T23:02:47+06:015",Africa_Western,H2 central production,wind,electrolysis,2055,0.07481099899999999
87,EJ,"GCAM_SSP2,date=2022-3-12T23:02:47+06:015",Africa_Western,H2 central production,wind,electrolysis,2060,0.10999276699999999
88,EJ,"GCAM_SSP2,date=2022-3-12T23:02:47+06:015",Africa_Western,H2 central production,wind,electrolysis,2065,0.151792016
89,EJ,"GCAM_SSP2,date=2022-3-12T23:02:47+06:015",Africa_Western,H2 central production,wind,electrolysis,2070,0.19786433999999997
90,EJ,"GCAM_SSP2,date=2022-3-12T23:02:47+06:015",Africa_Western,H2 central production,wind,electrolysis,2075,0.24453705
91,EJ,"GCAM_SSP2,date=2022-3-12T23:02:47+06:015",Africa_Western,H2 central production,wind,electrolysis,2080,0.28987382
92,EJ,"GCAM_SSP2,date=2022-3-12T23:02:47+06:015",Africa_Western,H2 central production,wind,electrolysis,2085,0.33332638
93,EJ,"GCAM_SSP2,date=2022-3-12T23:02:47+06:015",Africa_Western,H2 central production,wind,electrolysis,2090,0.3735359
94,EJ,"GCAM_SSP2,date=2022-3-12T23:02:47+06:015",Africa_Western,H2 central production,wind,electrolysis,2095,0.4102828
95,EJ,"GCAM_SSP2,date=2022-3-12T23:02:47+06:015",Africa_Western,H2 central production,wind,electrolysis,2100,0.4440819999999999
96,EJ,"GCAM_SSP2,date=2022-3-12T23:02:47+06:015",Africa_Western,H2 industrial,forecourt production,electrolysis,2025,0.00167135
97,EJ,"GCAM_SSP2,date=2022-3-12T23:02:47+06:015",Africa_Western,H2 industrial,forecourt production,electrolysis,2030,0.0034653796
98,EJ,"GCAM_SSP2,date=2022-3-12T23:02:47+06:015",Africa_Western,H2 industrial,forecourt production,electrolysis,2035,0.0098475559
99,EJ,"GCAM_SSP2,date=2022-3-12T23:02:47+06:015",Africa_Western,H2 industrial,forecourt production,electrolysis,2040,0.0225206551
100,EJ,"GCAM_SSP2,date=2022-3-12T23:02:47+06:015",Africa_Western,H2 industrial,forecourt production,electrolysis,2045,0.043605776
101,EJ,"GCAM_SSP2,date=2022-3-12T23:02:47+06:015",Africa_Western,H2 industrial,forecourt production,electrolysis,2050,0.074732956
102,EJ,"GCAM_SSP2,date=2022-3-12T23:02:47+06:015",Africa_Western,H2 industrial,forecourt production,electrolysis,2055,0.1153131
103,EJ,"GCAM_SSP2,date=2022-3-12T23:02:47+06:015",Africa_Western,H2 industrial,forecourt production,electrolysis,2060,0.16486837000000001
104,EJ,"GCAM_SSP2,date=2022-3-12T23:02:47+06:015",Africa_Western,H2 industrial,forecourt production,electrolysis,2065,0.22219866
105,EJ,"GCAM_SSP2,date=2022-3-12T23:02:47+06:015",Africa_Western,H2 industrial,forecourt production,electrolysis,2070,0.28351068
106,EJ,"GCAM_SSP2,date=2022-3-12T23:02:47+06:015",Africa_Western,H2 industrial,forecourt production,electrolysis,2075,0.3424627
107,EJ,"GCAM_SSP2,date=2022-3-12T23:02:47+06:015",Africa_Western,H2 industrial,forecourt production,electrolysis,2080,0.39907139999999997
108,EJ,"GCAM_SSP2,date=2022-3-12T23:02:47+06:015",Africa_Western,H2 industrial,forecourt production,electrolysis,2085,0.4517394
109,EJ,"GCAM_SSP2,date=2022-3-12T23:02:47+06:015",Africa_Western,H2 industrial,forecourt production,electrolysis,2090,0.4989682
110,EJ,"GCAM_SSP2,date=2022-3-12T23:02:47+06:015",Africa_Western,H2 industrial,forecourt production,electrolysis,2095,0.5410106
111,EJ,"GCAM_SSP2,date=2022-3-12T23:02:47+06:015",Africa_Western,H2 industrial,forecourt production,electrolysis,2100,0.5732459000000001
112,EJ,"GCAM_SSP2,date=2022-3-12T23:02:47+06:015",Africa_Western,H2 wholesale dispensing,forecourt production,electrolysis,2025,1.40941e-05
113,EJ,"GCAM_SSP2,date=2022-3-12T23:02:47+06:015",Africa_Western,H2 wholesale dispensing,forecourt production,electrolysis,2030,0.00010063463999999999
114,EJ,"GCAM_SSP2,date=2022-3-12T23:02:47+06:015",Africa_Western,H2 wholesale dispensing,forecourt production,electrolysis,2035,0.00040176032
115,EJ,"GCAM_SSP2,date=2022-3-12T23:02:47+06:015",Africa_Western,H2 wholesale dispensing,forecourt production,electrolysis,2040,0.0009500432600000001
116,EJ,"GCAM_SSP2,date=2022-3-12T23:02:47+06:015",Africa_Western,H2 wholesale dispensing,forecourt production,electrolysis,2045,0.0016762792
117,EJ,"GCAM_SSP2,date=2022-3-12T23:02:47+06:015",Africa_Western,H2 wholesale dispensing,forecourt production,electrolysis,2050,0.0025826681
118,EJ,"GCAM_SSP2,date=2022-3-12T23:02:47+06:015",Africa_Western,H2 wholesale dispensing,forecourt production,electrolysis,2055,0.003644627
119,EJ,"GCAM_SSP2,date=2022-3-12T23:02:47+06:015",Africa_Western,H2 wholesale dispensing,forecourt production,electrolysis,2060,0.005157148
120,EJ,"GCAM_SSP2,date=2022-3-12T23:02:47+06:015",Africa_Western,H2 wholesale dispensing,forecourt production,electrolysis,2065,0.007091583
121,EJ,"GCAM_SSP2,date=2022-3-12T23:02:47+06:015",Africa_Western,H2 wholesale dispensing,forecourt production,electrolysis,2070,0.009249172
122,EJ,"GCAM_SSP2,date=2022-3-12T23:02:47+06:015",Africa_Western,H2 wholesale dispensing,forecourt production,electrolysis,2075,0.01167771
123,EJ,"GCAM_SSP2,date=2022-3-12T23:02:47+06:015",Africa_Western,H2 wholesale dispensing,forecourt production,electrolysis,2080,0.014403166
124,EJ,"GCAM_SSP2,date=2022-3-12T23:02:47+06:015",Africa_Western,H2 wholesale dispensing,forecourt production,electrolysis,2085,0.0172905
125,EJ,"GCAM_SSP2,date=2022-3-12T23:02:47+06:015",Africa_Western,H2 wholesale dispensing,forecourt production,electrolysis,2090,0.02036068
126,EJ,"GCAM_SSP2,date=2022-3-12T23:02:47+06:015",Africa_Western,H2 wholesale dispensing,forecourt production,electrolysis,2095,0.02363816
127,EJ,"GCAM_SSP2,date=2022-3-12T23:02:47+06:015",Africa_Western,H2 wholesale dispensing,forecourt production,electrolysis,2100,0.02693291
128,EJ,"GCAM_SSP2,date=2022-3-12T23:02:47+06:015",Africa_Western,H2 wholesale dispensing,forecourt production,natural gas steam reforming,2025,0.00126672
129,EJ,"GCAM_SSP2,date=2022-3-12T23:02:47+06:015",Africa_Western,H2 wholesale dispensing,forecourt production,natural gas steam reforming,2030,0.0073109709999999994
130,EJ,"GCAM_SSP2,date=2022-3-12T23:02:47+06:015",Africa_Western,H2 wholesale dispensing,forecourt production,natural gas steam reforming,2035,0.024511003
131,EJ,"GCAM_SSP2,date=2022-3-12T23:02:47+06:015",Africa_Western,H2 wholesale dispensing,forecourt production,natural gas steam reforming,2040,0.052362521
132,EJ,"GCAM_SSP2,date=2022-3-12T23:02:47+06:015",Africa_Western,H2 wholesale dispensing,forecourt production,natural gas steam reforming,2045,0.08773744
133,EJ,"GCAM_SSP2,date=2022-3-12T23:02:47+06:015",Africa_Western,H2 wholesale dispensing,forecourt production,natural gas steam reforming,2050,0.12860101000000002
134,EJ,"GCAM_SSP2,date=2022-3-12T23:02:47+06:015",Africa_Western,H2 wholesale dispensing,forecourt production,natural gas steam reforming,2055,0.1716673
135,EJ,"GCAM_SSP2,date=2022-3-12T23:02:47+06:015",Africa_Western,H2 wholesale dispensing,forecourt production,natural gas steam reforming,2060,0.22327940000000002
136,EJ,"GCAM_SSP2,date=2022-3-12T23:02:47+06:015",Africa_Western,H2 wholesale dispensing,forecourt production,natural gas steam reforming,2065,0.28927
137,EJ,"GCAM_SSP2,date=2022-3-12T23:02:47+06:015",Africa_Western,H2 wholesale dispensing,forecourt production,natural gas steam reforming,2070,0.3713707
138,EJ,"GCAM_SSP2,date=2022-3-12T23:02:47+06:015",Africa_Western,H2 wholesale dispensing,forecourt production,natural gas steam reforming,2075,0.46966
139,EJ,"GCAM_SSP2,date=2022-3-12T23:02:47+06:015",Africa_Western,H2 wholesale dispensing,forecourt production,natural gas steam reforming,2080,0.5757181
140,EJ,"GCAM_SSP2,date=2022-3-12T23:02:47+06:015",Africa_Western,H2 wholesale dispensing,forecourt production,natural gas steam reforming,2085,0.6839645999999999
141,EJ,"GCAM_SSP2,date=2022-3-12T23:02:47+06:015",Africa_Western,H2 wholesale dispensing,forecourt production,natural gas steam reforming,2090,0.791186
142,EJ,"GCAM_SSP2,date=2022-3-12T23:02:47+06:015",Africa_Western,H2 wholesale dispensing,forecourt production,natural gas steam reforming,2095,0.8922220000000001
143,EJ,"GCAM_SSP2,date=2022-3-12T23:02:47+06:015",Africa_Western,H2 wholesale dispensing,forecourt production,natural gas steam reforming,2100,0.988764
144,EJ,"GCAM_SSP2,date=2022-3-12T23:02:47+06:015",Brazil,H2 central production,biomass,biomass to H2,2025,0.00171469
145,EJ,"GCAM_SSP2,date=2022-3-12T23:02:47+06:015",Brazil,H2 central production,biomass,biomass to H2,2030,0.00864794
146,EJ,"GCAM_SSP2,date=2022-3-12T23:02:47+06:015",Brazil,H2 central production,biomass,biomass to H2,2035,0.01414114
147,EJ,"GCAM_SSP2,date=2022-3-12T23:02:47+06:015",Brazil,H2 central production,biomass,biomass to H2,2040,0.018052020000000002
148,EJ,"GCAM_SSP2,date=2022-3-12T23:02:47+06:015",Brazil,H2 central production,biomass,biomass to H2,2045,0.020175870000000002
149,EJ,"GCAM_SSP2,date=2022-3-12T23:02:47+06:015",Brazil,H2 central production,biomass,biomass to H2,2050,0.02138211
150,EJ,"GCAM_SSP2,date=2022-3-12T23:02:47+06:015",Brazil,H2 central production,biomass,biomass to H2,2055,0.022286299
151,EJ,"GCAM_SSP2,date=2022-3-12T23:02:47+06:015",Brazil,H2 central production,biomass,biomass to H2,2060,0.023576767999999998
152,EJ,"GCAM_SSP2,date=2022-3-12T23:02:47+06:015",Brazil,H2 central production,biomass,biomass to H2,2065,0.024786280000000004
153,EJ,"GCAM_SSP2,date=2022-3-12T23:02:47+06:015",Brazil,H2 central production,biomass,biomass to H2,2070,0.026094859999999998
154,EJ,"GCAM_SSP2,date=2022-3-12T23:02:47+06:015",Brazil,H2 central production,biomass,biomass to H2,2075,0.02717136
155,EJ,"GCAM_SSP2,date=2022-3-12T23:02:47+06:015",Brazil,H2 central production,biomass,biomass to H2,2080,0.0282267
156,EJ,"GCAM_SSP2,date=2022-3-12T23:02:47+06:015",Brazil,H2 central production,biomass,biomass to H2,2085,0.02944171
157,EJ,"GCAM_SSP2,date=2022-3-12T23:02:47+06:015",Brazil,H2 central production,biomass,biomass to H2,2090,0.03096018
158,EJ,"GCAM_SSP2,date=2022-3-12T23:02:47+06:015",Brazil,H2 central production,biomass,biomass to H2,2095,0.03258343
159,EJ,"GCAM_SSP2,date=2022-3-12T23:02:47+06:015",Brazil,H2 central production,biomass,biomass to H2,2100,0.03468176
160,EJ,"GCAM_SSP2,date=2022-3-12T23:02:47+06:015",Brazil,H2 central production,electricity,electrolysis,2025,8.671e-05
161,EJ,"GCAM_SSP2,date=2022-3-12T23:02:47+06:015",Brazil,H2 central production,electricity,electrolysis,2030,0.000417141788
162,EJ,"GCAM_SSP2,date=2022-3-12T23:02:47+06:015",Brazil,H2 central production,electricity,electrolysis,2035,0.000445093406
163,EJ,"GCAM_SSP2,date=2022-3-12T23:02:47+06:015",Brazil,H2 central production,electricity,electrolysis,2040,0.00039955732999999997
164,EJ,"GCAM_SSP2,date=2022-3-12T23:02:47+06:015",Brazil,H2 central production,electricity,electrolysis,2045,0.000350352941
165,EJ,"GCAM_SSP2,date=2022-3-12T23:02:47+06:015",Brazil,H2 central production,electricity,electrolysis,2050,0.000406801422
166,EJ,"GCAM_SSP2,date=2022-3-12T23:02:47+06:015",Brazil,H2 central production,electricity,electrolysis,2055,0.00046567144699999997
167,EJ,"GCAM_SSP2,date=2022-3-12T23:02:47+06:015",Brazil,H2 central production,electricity,electrolysis,2060,0.000604879732
168,EJ,"GCAM_SSP2,date=2022-3-12T23:02:47+06:015",Brazil,H2 central production,electricity,electrolysis,2065,0.0007486490399999999
169,EJ,"GCAM_SSP2,date=2022-3-12T23:02:47+06:015",Brazil,H2 central production,electricity,electrolysis,2070,0.00097265027
170,EJ,"GCAM_SSP2,date=2022-3-12T23:02:47+06:015",Brazil,H2 central production,electricity,electrolysis,2075,0.00095257338
171,EJ,"GCAM_SSP2,date=2022-3-12T23:02:47+06:015",Brazil,H2 central production,electricity,electrolysis,2080,0.00087545433
172,EJ,"GCAM_SSP2,date=2022-3-12T23:02:47+06:015",Brazil,H2 central production,electricity,electrolysis,2085,0.00085326732
173,EJ,"GCAM_SSP2,date=2022-3-12T23:02:47+06:015",Brazil,H2 central production,electricity,electrolysis,2090,0.00092093725
174,EJ,"GCAM_SSP2,date=2022-3-12T23:02:47+06:015",Brazil,H2 central production,electricity,electrolysis,2095,0.00098513386
175,EJ,"GCAM_SSP2,date=2022-3-12T23:02:47+06:015",Brazil,H2 central production,electricity,electrolysis,2100,0.0011020883
176,EJ,"GCAM_SSP2,date=2022-3-12T23:02:47+06:015",Brazil,H2 central production,gas,natural gas steam reforming,2025,0.0098383
177,EJ,"GCAM_SSP2,date=2022-3-12T23:02:47+06:015",Brazil,H2 central production,gas,natural gas steam reforming,2030,0.046822420000000003
178,EJ,"GCAM_SSP2,date=2022-3-12T23:02:47+06:015",Brazil,H2 central production,gas,natural gas steam reforming,2035,0.07532083
179,EJ,"GCAM_SSP2,date=2022-3-12T23:02:47+06:015",Brazil,H2 central production,gas,natural gas steam reforming,2040,0.09367694
180,EJ,"GCAM_SSP2,date=2022-3-12T23:02:47+06:015",Brazil,H2 central production,gas,natural gas steam reforming,2045,0.10423056
181,EJ,"GCAM_SSP2,date=2022-3-12T23:02:47+06:015",Brazil,H2 central production,gas,natural gas steam reforming,2050,0.11219728
182,EJ,"GCAM_SSP2,date=2022-3-12T23:02:47+06:015",Brazil,H2 central production,gas,natural gas steam reforming,2055,0.1169644
183,EJ,"GCAM_SSP2,date=2022-3-12T23:02:47+06:015",Brazil,H2 central production,gas,natural gas steam reforming,2060,0.12143964999999998
184,EJ,"GCAM_SSP2,date=2022-3-12T23:02:47+06:015",Brazil,H2 central production,gas,natural gas steam reforming,2065,0.12275300000000001
185,EJ,"GCAM_SSP2,date=2022-3-12T23:02:47+06:015",Brazil,H2 central production,gas,natural gas steam reforming,2070,0.11933049999999999
186,EJ,"GCAM_SSP2,date=2022-3-12T23:02:47+06:015",Brazil,H2 central production,gas,natural gas steam reforming,2075,0.11636131
187,EJ,"GCAM_SSP2,date=2022-3-12T23:02:47+06:015",Brazil,H2 central production,gas,natural gas steam reforming,2080,0.11328289
188,EJ,"GCAM_SSP2,date=2022-3-12T23:02:47+06:015",Brazil,H2 central production,gas,natural gas steam reforming,2085,0.11010980000000001
189,EJ,"GCAM_SSP2,date=2022-3-12T23:02:47+06:015",Brazil,H2 central production,gas,natural gas steam reforming,2090,0.10650232
190,EJ,"GCAM_SSP2,date=2022-3-12T23:02:47+06:015",Brazil,H2 central production,gas,natural gas steam reforming,2095,0.10154261
191,EJ,"GCAM_SSP2,date=2022-3-12T23:02:47+06:015",Brazil,H2 central production,gas,natural gas steam reforming,2100,0.09600526
192,EJ,"GCAM_SSP2,date=2022-3-12T23:02:47+06:015",Brazil,H2 central production,nuclear,thermal splitting,2025,0.00074434
193,EJ,"GCAM_SSP2,date=2022-3-12T23:02:47+06:015",Brazil,H2 central production,nuclear,thermal splitting,2030,0.003540665
194,EJ,"GCAM_SSP2,date=2022-3-12T23:02:47+06:015",Brazil,H2 central production,nuclear,thermal splitting,2035,0.0058416119999999995
195,EJ,"GCAM_SSP2,date=2022-3-12T23:02:47+06:015",Brazil,H2 central production,nuclear,thermal splitting,2040,0.007481743
196,EJ,"GCAM_SSP2,date=2022-3-12T23:02:47+06:015",Brazil,H2 central production,nuclear,thermal splitting,2045,0.008504076
197,EJ,"GCAM_SSP2,date=2022-3-12T23:02:47+06:015",Brazil,H2 central production,nuclear,thermal splitting,2050,0.009453021
198,EJ,"GCAM_SSP2,date=2022-3-12T23:02:47+06:015",Brazil,H2 central production,nuclear,thermal splitting,2055,0.01026453
199,EJ,"GCAM_SSP2,date=2022-3-12T23:02:47+06:015",Brazil,H2 central production,nuclear,thermal splitting,2060,0.011183028
200,EJ,"GCAM_SSP2,date=2022-3-12T23:02:47+06:015",Brazil,H2 central production,nuclear,thermal splitting,2065,0.012019499999999999
201,EJ,"GCAM_SSP2,date=2022-3-12T23:02:47+06:015",Brazil,H2 central production,nuclear,thermal splitting,2070,0.012780138
202,EJ,"GCAM_SSP2,date=2022-3-12T23:02:47+06:015",Brazil,H2 central production,nuclear,thermal splitting,2075,0.013512937999999999
203,EJ,"GCAM_SSP2,date=2022-3-12T23:02:47+06:015",Brazil,H2 central production,nuclear,thermal splitting,2080,0.014101913
204,EJ,"GCAM_SSP2,date=2022-3-12T23:02:47+06:015",Brazil,H2 central production,nuclear,thermal splitting,2085,0.014629092000000002
205,EJ,"GCAM_SSP2,date=2022-3-12T23:02:47+06:015",Brazil,H2 central production,nuclear,thermal splitting,2090,0.015156923999999999
206,EJ,"GCAM_SSP2,date=2022-3-12T23:02:47+06:015",Brazil,H2 central production,nuclear,thermal splitting,2095,0.015625842
207,EJ,"GCAM_SSP2,date=2022-3-12T23:02:47+06:015",Brazil,H2 central production,nuclear,thermal splitting,2100,0.016199346
208,EJ,"GCAM_SSP2,date=2022-3-12T23:02:47+06:015",Brazil,H2 central production,solar,electrolysis,2025,0.000131968
209,EJ,"GCAM_SSP2,date=2022-3-12T23:02:47+06:015",Brazil,H2 central production,solar,electrolysis,2030,0.001004483
210,EJ,"GCAM_SSP2,date=2022-3-12T23:02:47+06:015",Brazil,H2 central production,solar,electrolysis,2035,0.002190286
211,EJ,"GCAM_SSP2,date=2022-3-12T23:02:47+06:015",Brazil,H2 central production,solar,electrolysis,2040,0.00355806
212,EJ,"GCAM_SSP2,date=2022-3-12T23:02:47+06:015",Brazil,H2 central production,solar,electrolysis,2045,0.0048047276
213,EJ,"GCAM_SSP2,date=2022-3-12T23:02:47+06:015",Brazil,H2 central production,solar,electrolysis,2050,0.0064307129
214,EJ,"GCAM_SSP2,date=2022-3-12T23:02:47+06:015",Brazil,H2 central production,solar,electrolysis,2055,0.0081692552
215,EJ,"GCAM_SSP2,date=2022-3-12T23:02:47+06:015",Brazil,H2 central production,solar,electrolysis,2060,0.0102900214
216,EJ,"GCAM_SSP2,date=2022-3-12T23:02:47+06:015",Brazil,H2 central production,solar,electrolysis,2065,0.012745455
217,EJ,"GCAM_SSP2,date=2022-3-12T23:02:47+06:015",Brazil,H2 central production,solar,electrolysis,2070,0.015671291
218,EJ,"GCAM_SSP2,date=2022-3-12T23:02:47+06:015",Brazil,H2 central production,solar,electrolysis,2075,0.017976952
219,EJ,"GCAM_SSP2,date=2022-3-12T23:02:47+06:015",Brazil,H2 central production,solar,electrolysis,2080,0.019494727
220,EJ,"GCAM_SSP2,date=2022-3-12T23:02:47+06:015",Brazil,H2 central production,solar,electrolysis,2085,0.020567204000000002
221,EJ,"GCAM_SSP2,date=2022-3-12T23:02:47+06:015",Brazil,H2 central production,solar,electrolysis,2090,0.021436931
222,EJ,"GCAM_SSP2,date=2022-3-12T23:02:47+06:015",Brazil,H2 central production,solar,electrolysis,2095,0.0221045
223,EJ,"GCAM_SSP2,date=2022-3-12T23:02:47+06:015",Brazil,H2 central production,solar,electrolysis,2100,0.022826460000000003
224,EJ,"GCAM_SSP2,date=2022-3-12T23:02:47+06:015",Brazil,H2 central production,wind,electrolysis,2025,0.000345396
225,EJ,"GCAM_SSP2,date=2022-3-12T23:02:47+06:015",Brazil,H2 central production,wind,electrolysis,2030,0.002025778
226,EJ,"GCAM_SSP2,date=2022-3-12T23:02:47+06:015",Brazil,H2 central production,wind,electrolysis,2035,0.003832034
227,EJ,"GCAM_SSP2,date=2022-3-12T23:02:47+06:015",Brazil,H2 central production,wind,electrolysis,2040,0.005537151000000001
228,EJ,"GCAM_SSP2,date=2022-3-12T23:02:47+06:015",Brazil,H2 central production,wind,electrolysis,2045,0.0069218019999999995
229,EJ,"GCAM_SSP2,date=2022-3-12T23:02:47+06:015",Brazil,H2 central production,wind,electrolysis,2050,0.008593136
230,EJ,"GCAM_SSP2,date=2022-3-12T23:02:47+06:015",Brazil,H2 central production,wind,electrolysis,2055,0.01035918
231,EJ,"GCAM_SSP2,date=2022-3-12T23:02:47+06:015",Brazil,H2 central production,wind,electrolysis,2060,0.012577287999999999
232,EJ,"GCAM_SSP2,date=2022-3-12T23:02:47+06:015",Brazil,H2 central production,wind,electrolysis,2065,0.015114658000000001
233,EJ,"GCAM_SSP2,date=2022-3-12T23:02:47+06:015",Brazil,H2 central production,wind,electrolysis,2070,0.018122631
234,EJ,"GCAM_SSP2,date=2022-3-12T23:02:47+06:015",Brazil,H2 central production,wind,electrolysis,2075,0.020531891
235,EJ,"GCAM_SSP2,date=2022-3-12T23:02:47+06:015",Brazil,H2 central production,wind,electrolysis,2080,0.022193103
236,EJ,"GCAM_SSP2,date=2022-3-12T23:02:47+06:015",Brazil,H2 central production,wind,electrolysis,2085,0.02343205
237,EJ,"GCAM_SSP2,date=2022-3-12T23:02:47+06:015",Brazil,H2 central production,wind,electrolysis,2090,0.02448064
238,EJ,"GCAM_SSP2,date=2022-3-12T23:02:47+06:015",Brazil,H2 central production,wind,electrolysis,2095,0.02531277
239,EJ,"GCAM_SSP2,date=2022-3-12T23:02:47+06:015",Brazil,H2 central production,wind,electrolysis,2100,0.026219440000000004
240,EJ,"GCAM_SSP2,date=2022-3-12T23:02:47+06:015",Brazil,H2 industrial,forecourt production,electrolysis,2025,0.00205973
241,EJ,"GCAM_SSP2,date=2022-3-12T23:02:47+06:015",Brazil,H2 industrial,forecourt production,electrolysis,2030,0.0037538673
242,EJ,"GCAM_SSP2,date=2022-3-12T23:02:47+06:015",Brazil,H2 industrial,forecourt production,electrolysis,2035,0.0073277509999999995
243,EJ,"GCAM_SSP2,date=2022-3-12T23:02:47+06:015",Brazil,H2 industrial,forecourt production,electrolysis,2040,0.011226239
244,EJ,"GCAM_SSP2,date=2022-3-12T23:02:47+06:015",Brazil,H2 industrial,forecourt production,electrolysis,2045,0.015275283
245,EJ,"GCAM_SSP2,date=2022-3-12T23:02:47+06:015",Brazil,H2 industrial,forecourt production,electrolysis,2050,0.019311118
246,EJ,"GCAM_SSP2,date=2022-3-12T23:02:47+06:015",Brazil,H2 industrial,forecourt production,electrolysis,2055,0.023723104000000002
247,EJ,"GCAM_SSP2,date=2022-3-12T23:02:47+06:015",Brazil,H2 industrial,forecourt production,electrolysis,2060,0.02832164
248,EJ,"GCAM_SSP2,date=2022-3-12T23:02:47+06:015",Brazil,H2 industrial,forecourt production,electrolysis,2065,0.03284668
249,EJ,"GCAM_SSP2,date=2022-3-12T23:02:47+06:015",Brazil,H2 industrial,forecourt production,electrolysis,2070,0.03706136
250,EJ,"GCAM_SSP2,date=2022-3-12T23:02:47+06:015",Brazil,H2 industrial,forecourt production,electrolysis,2075,0.04030767
251,EJ,"GCAM_SSP2,date=2022-3-12T23:02:47+06:015",Brazil,H2 industrial,forecourt production,electrolysis,2080,0.04262927
252,EJ,"GCAM_SSP2,date=2022-3-12T23:02:47+06:015",Brazil,H2 industrial,forecourt production,electrolysis,2085,0.04431135
253,EJ,"GCAM_SSP2,date=2022-3-12T23:02:47+06:015",Brazil,H2 industrial,forecourt production,electrolysis,2090,0.04564667
254,EJ,"GCAM_SSP2,date=2022-3-12T23:02:47+06:015",Brazil,H2 industrial,forecourt production,electrolysis,2095,0.047306600000000004
255,EJ,"GCAM_SSP2,date=2022-3-12T23:02:47+06:015",Brazil,H2 industrial,forecourt production,electrolysis,2100,0.0484095
256,EJ,"GCAM_SSP2,date=2022-3-12T23:02:47+06:015",Brazil,H2 wholesale dispensing,forecourt production,electrolysis,2025,9.22362e-05
257,EJ,"GCAM_SSP2,date=2022-3-12T23:02:47+06:015",Brazil,H2 wholesale dispensing,forecourt production,electrolysis,2030,0.0005396077
258,EJ,"GCAM_SSP2,date=2022-3-12T23:02:47+06:015",Brazil,H2 wholesale dispensing,forecourt production,electrolysis,2035,0.001209865
259,EJ,"GCAM_SSP2,date=2022-3-12T23:02:47+06:015",Brazil,H2 wholesale dispensing,forecourt production,electrolysis,2040,0.0020345229
260,EJ,"GCAM_SSP2,date=2022-3-12T23:02:47+06:015",Brazil,H2 wholesale dispensing,forecourt production,electrolysis,2045,0.0028801965000000004
261,EJ,"GCAM_SSP2,date=2022-3-12T23:02:47+06:015",Brazil,H2 wholesale dispensing,forecourt production,electrolysis,2050,0.003940112
262,EJ,"GCAM_SSP2,date=2022-3-12T23:02:47+06:015",Brazil,H2 wholesale dispensing,forecourt production,electrolysis,2055,0.0049279400000000004
263,EJ,"GCAM_SSP2,date=2022-3-12T23:02:47+06:015",Brazil,H2 wholesale dispensing,forecourt production,electrolysis,2060,0.006031128
264,EJ,"GCAM_SSP2,date=2022-3-12T23:02:47+06:015",Brazil,H2 wholesale dispensing,forecourt production,electrolysis,2065,0.007024862000000001
265,EJ,"GCAM_SSP2,date=2022-3-12T23:02:47+06:015",Brazil,H2 wholesale dispensing,forecourt production,electrolysis,2070,0.007855261
266,EJ,"GCAM_SSP2,date=2022-3-12T23:02:47+06:015",Brazil,H2 wholesale dispensing,forecourt production,electrolysis,2075,0.008511900999999999
267,EJ,"GCAM_SSP2,date=2022-3-12T23:02:47+06:015",Brazil,H2 wholesale dispensing,forecourt production,electrolysis,2080,0.00903884
268,EJ,"GCAM_SSP2,date=2022-3-12T23:02:47+06:015",Brazil,H2 wholesale dispensing,forecourt production,electrolysis,2085,0.009510620000000001
269,EJ,"GCAM_SSP2,date=2022-3-12T23:02:47+06:015",Brazil,H2 wholesale dispensing,forecourt production,electrolysis,2090,0.01002385
270,EJ,"GCAM_SSP2,date=2022-3-12T23:02:47+06:015",Brazil,H2 wholesale dispensing,forecourt production,electrolysis,2095,0.01070148
271,EJ,"GCAM_SSP2,date=2022-3-12T23:02:47+06:015",Brazil,H2 wholesale dispensing,forecourt production,electrolysis,2100,0.01130825
272,EJ,"GCAM_SSP2,date=2022-3-12T23:02:47+06:015",Brazil,H2 wholesale dispensing,forecourt production,natural gas steam reforming,2025,0.00598851
273,EJ,"GCAM_SSP2,date=2022-3-12T23:02:47+06:015",Brazil,H2 wholesale dispensing,forecourt production,natural gas steam reforming,2030,0.029338379999999997
274,EJ,"GCAM_SSP2,date=2022-3-12T23:02:47+06:015",Brazil,H2 wholesale dispensing,forecourt production,natural gas steam reforming,2035,0.06211797000000001
275,EJ,"GCAM_SSP2,date=2022-3-12T23:02:47+06:015",Brazil,H2 wholesale dispensing,forecourt production,natural gas steam reforming,2040,0.0968244
276,EJ,"GCAM_SSP2,date=2022-3-12T23:02:47+06:015",Brazil,H2 wholesale dispensing,forecourt production,natural gas steam reforming,2045,0.1264838
277,EJ,"GCAM_SSP2,date=2022-3-12T23:02:47+06:015",Brazil,H2 wholesale dispensing,forecourt production,natural gas steam reforming,2050,0.149607
278,EJ,"GCAM_SSP2,date=2022-3-12T23:02:47+06:015",Brazil,H2 wholesale dispensing,forecourt production,natural gas steam reforming,2055,0.1643808
279,EJ,"GCAM_SSP2,date=2022-3-12T23:02:47+06:015",Brazil,H2 wholesale dispensing,forecourt production,natural gas steam reforming,2060,0.1763809
280,EJ,"GCAM_SSP2,date=2022-3-12T23:02:47+06:015",Brazil,H2 wholesale dispensing,forecourt production,natural gas steam reforming,2065,0.1867198
281,EJ,"GCAM_SSP2,date=2022-3-12T23:02:47+06:015",Brazil,H2 wholesale dispensing,forecourt production,natural gas steam reforming,2070,0.1944727
282,EJ,"GCAM_SSP2,date=2022-3-12T23:02:47+06:015",Brazil,H2 wholesale dispensing,forecourt production,natural gas steam reforming,2075,0.20105859999999998
283,EJ,"GCAM_SSP2,date=2022-3-12T23:02:47+06:015",Brazil,H2 wholesale dispensing,forecourt production,natural gas steam reforming,2080,0.2044378
284,EJ,"GCAM_SSP2,date=2022-3-12T23:02:47+06:015",Brazil,H2 wholesale dispensing,forecourt production,natural gas steam reforming,2085,0.2055417
285,EJ,"GCAM_SSP2,date=2022-3-12T23:02:47+06:015",Brazil,H2 wholesale dispensing,forecourt production,natural gas steam reforming,2090,0.2050298
286,EJ,"GCAM_SSP2,date=2022-3-12T23:02:47+06:015",Brazil,H2 wholesale dispensing,forecourt production,natural gas steam reforming,2095,0.20253359999999998
287,EJ,"GCAM_SSP2,date=2022-3-12T23:02:47+06:015",Brazil,H2 wholesale dispensing,forecourt production,natural gas steam reforming,2100,0.1992759
288,EJ,"GCAM_SSP2,date=2022-3-12T23:02:47+06:015",China,H2 central production,biomass,biomass to H2,2025,0.0206529
289,EJ,"GCAM_SSP2,date=2022-3-12T23:02:47+06:015",China,H2 central production,biomass,biomass to H2,2030,0.08813570000000001
290,EJ,"GCAM_SSP2,date=2022-3-12T23:02:47+06:015",China,H2 central production,biomass,biomass to H2,2035,0.1397162
291,EJ,"GCAM_SSP2,date=2022-3-12T23:02:47+06:015",China,H2 central production,biomass,biomass to H2,2040,0.160256
292,EJ,"GCAM_SSP2,date=2022-3-12T23:02:47+06:015",China,H2 central production,biomass,biomass to H2,2045,0.1651202
293,EJ,"GCAM_SSP2,date=2022-3-12T23:02:47+06:015",China,H2 central production,biomass,biomass to H2,2050,0.159876
294,EJ,"GCAM_SSP2,date=2022-3-12T23:02:47+06:015",China,H2 central production,biomass,biomass to H2,2055,0.15248143000000003
295,EJ,"GCAM_SSP2,date=2022-3-12T23:02:47+06:015",China,H2 central production,biomass,biomass to H2,2060,0.14722909999999997
296,EJ,"GCAM_SSP2,date=2022-3-12T23:02:47+06:015",China,H2 central production,biomass,biomass to H2,2065,0.1425518
297,EJ,"GCAM_SSP2,date=2022-3-12T23:02:47+06:015",China,H2 central production,biomass,biomass to H2,2070,0.1382149
298,EJ,"GCAM_SSP2,date=2022-3-12T23:02:47+06:015",China,H2 central production,biomass,biomass to H2,2075,0.13121285
299,EJ,"GCAM_SSP2,date=2022-3-12T23:02:47+06:015",China,H2 central production,biomass,biomass to H2,2080,0.12558408
300,EJ,"GCAM_SSP2,date=2022-3-12T23:02:47+06:015",China,H2 central production,biomass,biomass to H2,2085,0.12101683
301,EJ,"GCAM_SSP2,date=2022-3-12T23:02:47+06:015",China,H2 central production,biomass,biomass to H2,2090,0.11744051999999999
302,EJ,"GCAM_SSP2,date=2022-3-12T23:02:47+06:015",China,H2 central production,biomass,biomass to H2,2095,0.11416348000000001
303,EJ,"GCAM_SSP2,date=2022-3-12T23:02:47+06:015",China,H2 central production,biomass,biomass to H2,2100,0.11109680999999999
304,EJ,"GCAM_SSP2,date=2022-3-12T23:02:47+06:015",China,H2 central production,electricity,electrolysis,2025,0.00108736
305,EJ,"GCAM_SSP2,date=2022-3-12T23:02:47+06:015",China,H2 central production,electricity,electrolysis,2030,0.00421153115
306,EJ,"GCAM_SSP2,date=2022-3-12T23:02:47+06:015",China,H2 central production,electricity,electrolysis,2035,0.00415851695
307,EJ,"GCAM_SSP2,date=2022-3-12T23:02:47+06:015",China,H2 central production,electricity,electrolysis,2040,0.0024845588100000002
308,EJ,"GCAM_SSP2,date=2022-3-12T23:02:47+06:015",China,H2 central production,electricity,electrolysis,2045,0.00159652613
309,EJ,"GCAM_SSP2,date=2022-3-12T23:02:47+06:015",China,H2 central production,electricity,electrolysis,2050,0.00155202673
310,EJ,"GCAM_SSP2,date=2022-3-12T23:02:47+06:015",China,H2 central production,electricity,electrolysis,2055,0.00170350863
311,EJ,"GCAM_SSP2,date=2022-3-12T23:02:47+06:015",China,H2 central production,electricity,electrolysis,2060,0.0022597318599999997
312,EJ,"GCAM_SSP2,date=2022-3-12T23:02:47+06:015",China,H2 central production,electricity,electrolysis,2065,0.0031865897299999998
313,EJ,"GCAM_SSP2,date=2022-3-12T23:02:47+06:015",China,H2 central production,electricity,electrolysis,2070,0.0045714519399999995
314,EJ,"GCAM_SSP2,date=2022-3-12T23:02:47+06:015",China,H2 central production,electricity,electrolysis,2075,0.00393562404
315,EJ,"GCAM_SSP2,date=2022-3-12T23:02:47+06:015",China,H2 central production,electricity,electrolysis,2080,0.0024973635200000004
316,EJ,"GCAM_SSP2,date=2022-3-12T23:02:47+06:015",China,H2 central production,electricity,electrolysis,2085,0.00181156926
317,EJ,"GCAM_SSP2,date=2022-3-12T23:02:47+06:015",China,H2 central production,electricity,electrolysis,2090,0.00176900591
318,EJ,"GCAM_SSP2,date=2022-3-12T23:02:47+06:015",China,H2 central production,electricity,electrolysis,2095,0.0018301058000000001
319,EJ,"GCAM_SSP2,date=2022-3-12T23:02:47+06:015",China,H2 central production,electricity,electrolysis,2100,0.001968908
320,EJ,"GCAM_SSP2,date=2022-3-12T23:02:47+06:015",China,H2 central production,gas,natural gas steam reforming,2025,0.116154
321,EJ,"GCAM_SSP2,date=2022-3-12T23:02:47+06:015",China,H2 central production,gas,natural gas steam reforming,2030,0.48298199999999997
322,EJ,"GCAM_SSP2,date=2022-3-12T23:02:47+06:015",China,H2 central production,gas,natural gas steam reforming,2035,0.7557185
323,EJ,"GCAM_SSP2,date=2022-3-12T23:02:47+06:015",China,H2 central production,gas,natural gas steam reforming,2040,0.8611654
324,EJ,"GCAM_SSP2,date=2022-3-12T23:02:47+06:015",China,H2 central production,gas,natural gas steam reforming,2045,0.8887742000000001
325,EJ,"GCAM_SSP2,date=2022-3-12T23:02:47+06:015",China,H2 central production,gas,natural gas steam reforming,2050,0.8858525
326,EJ,"GCAM_SSP2,date=2022-3-12T23:02:47+06:015",China,H2 central production,gas,natural gas steam reforming,2055,0.8578254999999999
327,EJ,"GCAM_SSP2,date=2022-3-12T23:02:47+06:015",China,H2 central production,gas,natural gas steam reforming,2060,0.8257937999999999
328,EJ,"GCAM_SSP2,date=2022-3-12T23:02:47+06:015",China,H2 central production,gas,natural gas steam reforming,2065,0.7746982
329,EJ,"GCAM_SSP2,date=2022-3-12T23:02:47+06:015",China,H2 central production,gas,natural gas steam reforming,2070,0.6946051
330,EJ,"GCAM_SSP2,date=2022-3-12T23:02:47+06:015",China,H2 central production,gas,natural gas steam reforming,2075,0.6284784
331,EJ,"GCAM_SSP2,date=2022-3-12T23:02:47+06:015",China,H2 central production,gas,natural gas steam reforming,2080,0.5787445999999999
332,EJ,"GCAM_SSP2,date=2022-3-12T23:02:47+06:015",China,H2 central production,gas,natural gas steam reforming,2085,0.5324398
333,EJ,"GCAM_SSP2,date=2022-3-12T23:02:47+06:015",China,H2 central production,gas,natural gas steam reforming,2090,0.4861084
334,EJ,"GCAM_SSP2,date=2022-3-12T23:02:47+06:015",China,H2 central production,gas,natural gas steam reforming,2095,0.4360335
335,EJ,"GCAM_SSP2,date=2022-3-12T23:02:47+06:015",China,H2 central production,gas,natural gas steam reforming,2100,0.3801030999999999
336,EJ,"GCAM_SSP2,date=2022-3-12T23:02:47+06:015",China,H2 central production,nuclear,thermal splitting,2025,0.00819043
337,EJ,"GCAM_SSP2,date=2022-3-12T23:02:47+06:015",China,H2 central production,nuclear,thermal splitting,2030,0.03475641
338,EJ,"GCAM_SSP2,date=2022-3-12T23:02:47+06:015",China,H2 central production,nuclear,thermal splitting,2035,0.0563222
339,EJ,"GCAM_SSP2,date=2022-3-12T23:02:47+06:015",China,H2 central production,nuclear,thermal splitting,2040,0.06610988
340,EJ,"GCAM_SSP2,date=2022-3-12T23:02:47+06:015",China,H2 central production,nuclear,thermal splitting,2045,0.06956644
341,EJ,"GCAM_SSP2,date=2022-3-12T23:02:47+06:015",China,H2 central production,nuclear,thermal splitting,2050,0.07099891
342,EJ,"GCAM_SSP2,date=2022-3-12T23:02:47+06:015",China,H2 central production,nuclear,thermal splitting,2055,0.07082739
343,EJ,"GCAM_SSP2,date=2022-3-12T23:02:47+06:015",China,H2 central production,nuclear,thermal splitting,2060,0.07082091
344,EJ,"GCAM_SSP2,date=2022-3-12T23:02:47+06:015",China,H2 central production,nuclear,thermal splitting,2065,0.07036888
345,EJ,"GCAM_SSP2,date=2022-3-12T23:02:47+06:015",China,H2 central production,nuclear,thermal splitting,2070,0.06924846
346,EJ,"GCAM_SSP2,date=2022-3-12T23:02:47+06:015",China,H2 central production,nuclear,thermal splitting,2075,0.06768732
347,EJ,"GCAM_SSP2,date=2022-3-12T23:02:47+06:015",China,H2 central production,nuclear,thermal splitting,2080,0.06551051000000001
348,EJ,"GCAM_SSP2,date=2022-3-12T23:02:47+06:015",China,H2 central production,nuclear,thermal splitting,2085,0.06268243
349,EJ,"GCAM_SSP2,date=2022-3-12T23:02:47+06:015",China,H2 central production,nuclear,thermal splitting,2090,0.059671419999999996
350,EJ,"GCAM_SSP2,date=2022-3-12T23:02:47+06:015",China,H2 central production,nuclear,thermal splitting,2095,0.05649383000000001
351,EJ,"GCAM_SSP2,date=2022-3-12T23:02:47+06:015",China,H2 central production,nuclear,thermal splitting,2100,0.053150590000000004
352,EJ,"GCAM_SSP2,date=2022-3-12T23:02:47+06:015",China,H2 central production,solar,electrolysis,2025,0.00133561
353,EJ,"GCAM_SSP2,date=2022-3-12T23:02:47+06:015",China,H2 central production,solar,electrolysis,2030,0.00897007
354,EJ,"GCAM_SSP2,date=2022-3-12T23:02:47+06:015",China,H2 central production,solar,electrolysis,2035,0.01921366
355,EJ,"GCAM_SSP2,date=2022-3-12T23:02:47+06:015",China,H2 central production,solar,electrolysis,2040,0.02718585
356,EJ,"GCAM_SSP2,date=2022-3-12T23:02:47+06:015",China,H2 central production,solar,electrolysis,2045,0.032482919
357,EJ,"GCAM_SSP2,date=2022-3-12T23:02:47+06:015",China,H2 central production,solar,electrolysis,2050,0.038197772
358,EJ,"GCAM_SSP2,date=2022-3-12T23:02:47+06:015",China,H2 central production,solar,electrolysis,2055,0.043806105
359,EJ,"GCAM_SSP2,date=2022-3-12T23:02:47+06:015",China,H2 central production,solar,electrolysis,2060,0.051058767
360,EJ,"GCAM_SSP2,date=2022-3-12T23:02:47+06:015",China,H2 central production,solar,electrolysis,2065,0.06122268
361,EJ,"GCAM_SSP2,date=2022-3-12T23:02:47+06:015",China,H2 central production,solar,electrolysis,2070,0.07467437
362,EJ,"GCAM_SSP2,date=2022-3-12T23:02:47+06:015",China,H2 central production,solar,electrolysis,2075,0.08228303000000001
363,EJ,"GCAM_SSP2,date=2022-3-12T23:02:47+06:015",China,H2 central production,solar,electrolysis,2080,0.08327891
364,EJ,"GCAM_SSP2,date=2022-3-12T23:02:47+06:015",China,H2 central production,solar,electrolysis,2085,0.0811065
365,EJ,"GCAM_SSP2,date=2022-3-12T23:02:47+06:015",China,H2 central production,solar,electrolysis,2090,0.07775090999999999
366,EJ,"GCAM_SSP2,date=2022-3-12T23:02:47+06:015",China,H2 central production,solar,electrolysis,2095,0.07374535
367,EJ,"GCAM_SSP2,date=2022-3-12T23:02:47+06:015",China,H2 central production,solar,electrolysis,2100,0.06923398
368,EJ,"GCAM_SSP2,date=2022-3-12T23:02:47+06:015",China,H2 central production,wind,electrolysis,2025,0.00443723
369,EJ,"GCAM_SSP2,date=2022-3-12T23:02:47+06:015",China,H2 central production,wind,electrolysis,2030,0.022753310000000002
370,EJ,"GCAM_SSP2,date=2022-3-12T23:02:47+06:015",China,H2 central production,wind,electrolysis,2035,0.04199726
371,EJ,"GCAM_SSP2,date=2022-3-12T23:02:47+06:015",China,H2 central production,wind,electrolysis,2040,0.05391221
372,EJ,"GCAM_SSP2,date=2022-3-12T23:02:47+06:015",China,H2 central production,wind,electrolysis,2045,0.06067469999999999
373,EJ,"GCAM_SSP2,date=2022-3-12T23:02:47+06:015",China,H2 central production,wind,electrolysis,2050,0.06707595
374,EJ,"GCAM_SSP2,date=2022-3-12T23:02:47+06:015",China,H2 central production,wind,electrolysis,2055,0.0731424
375,EJ,"GCAM_SSP2,date=2022-3-12T23:02:47+06:015",China,H2 central production,wind,electrolysis,2060,0.08180982
376,EJ,"GCAM_SSP2,date=2022-3-12T23:02:47+06:015",China,H2 central production,wind,electrolysis,2065,0.09456948999999999
377,EJ,"GCAM_SSP2,date=2022-3-12T23:02:47+06:015",China,H2 central production,wind,electrolysis,2070,0.11251688
378,EJ,"GCAM_SSP2,date=2022-3-12T23:02:47+06:015",China,H2 central production,wind,electrolysis,2075,0.12365625
379,EJ,"GCAM_SSP2,date=2022-3-12T23:02:47+06:015",China,H2 central production,wind,electrolysis,2080,0.12550242
380,EJ,"GCAM_SSP2,date=2022-3-12T23:02:47+06:015",China,H2 central production,wind,electrolysis,2085,0.12281581000000001
381,EJ,"GCAM_SSP2,date=2022-3-12T23:02:47+06:015",China,H2 central production,wind,electrolysis,2090,0.11850909000000001
382,EJ,"GCAM_SSP2,date=2022-3-12T23:02:47+06:015",China,H2 central production,wind,electrolysis,2095,0.11315259
383,EJ,"GCAM_SSP2,date=2022-3-12T23:02:47+06:015",China,H2 central production,wind,electrolysis,2100,0.10691306
384,EJ,"GCAM_SSP2,date=2022-3-12T23:02:47+06:015",China,H2 industrial,forecourt production,electrolysis,2025,0.0359195
385,EJ,"GCAM_SSP2,date=2022-3-12T23:02:47+06:015",China,H2 industrial,forecourt production,electrolysis,2030,0.055629160000000004
386,EJ,"GCAM_SSP2,date=2022-3-12T23:02:47+06:015",China,H2 industrial,forecourt production,electrolysis,2035,0.09744206000000001
387,EJ,"GCAM_SSP2,date=2022-3-12T23:02:47+06:015",China,H2 industrial,forecourt production,electrolysis,2040,0.1252393
388,EJ,"GCAM_SSP2,date=2022-3-12T23:02:47+06:015",China,H2 industrial,forecourt production,electrolysis,2045,0.13945681000000001
389,EJ,"GCAM_SSP2,date=2022-3-12T23:02:47+06:015",China,H2 industrial,forecourt production,electrolysis,2050,0.14730099
390,EJ,"GCAM_SSP2,date=2022-3-12T23:02:47+06:015",China,H2 industrial,forecourt production,electrolysis,2055,0.15367823
391,EJ,"GCAM_SSP2,date=2022-3-12T23:02:47+06:015",China,H2 industrial,forecourt production,electrolysis,2060,0.1559493
392,EJ,"GCAM_SSP2,date=2022-3-12T23:02:47+06:015",China,H2 industrial,forecourt production,electrolysis,2065,0.1580209
393,EJ,"GCAM_SSP2,date=2022-3-12T23:02:47+06:015",China,H2 industrial,forecourt production,electrolysis,2070,0.1585099
394,EJ,"GCAM_SSP2,date=2022-3-12T23:02:47+06:015",China,H2 industrial,forecourt production,electrolysis,2075,0.1549641
395,EJ,"GCAM_SSP2,date=2022-3-12T23:02:47+06:015",China,H2 industrial,forecourt production,electrolysis,2080,0.1419396
396,EJ,"GCAM_SSP2,date=2022-3-12T23:02:47+06:015",China,H2 industrial,forecourt production,electrolysis,2085,0.1291867
397,EJ,"GCAM_SSP2,date=2022-3-12T23:02:47+06:015",China,H2 industrial,forecourt production,electrolysis,2090,0.1175164
398,EJ,"GCAM_SSP2,date=2022-3-12T23:02:47+06:015",China,H2 industrial,forecourt production,electrolysis,2095,0.1085921
399,EJ,"GCAM_SSP2,date=2022-3-12T23:02:47+06:015",China,H2 industrial,forecourt production,electrolysis,2100,0.1019117
400,EJ,"GCAM_SSP2,date=2022-3-12T23:02:47+06:015",China,H2 wholesale dispensing,forecourt production,electrolysis,2025,0.000435263
401,EJ,"GCAM_SSP2,date=2022-3-12T23:02:47+06:015",China,H2 wholesale dispensing,forecourt production,electrolysis,2030,0.0023655448
402,EJ,"GCAM_SSP2,date=2022-3-12T23:02:47+06:015",China,H2 wholesale dispensing,forecourt production,electrolysis,2035,0.006610700799999999
403,EJ,"GCAM_SSP2,date=2022-3-12T23:02:47+06:015",China,H2 wholesale dispensing,forecourt production,electrolysis,2040,0.011157280499999998
404,EJ,"GCAM_SSP2,date=2022-3-12T23:02:47+06:015",China,H2 wholesale dispensing,forecourt production,electrolysis,2045,0.015434482
405,EJ,"GCAM_SSP2,date=2022-3-12T23:02:47+06:015",China,H2 wholesale dispensing,forecourt production,electrolysis,2050,0.020416128
406,EJ,"GCAM_SSP2,date=2022-3-12T23:02:47+06:015",China,H2 wholesale dispensing,forecourt production,electrolysis,2055,0.02576711
407,EJ,"GCAM_SSP2,date=2022-3-12T23:02:47+06:015",China,H2 wholesale dispensing,forecourt production,electrolysis,2060,0.03136347
408,EJ,"GCAM_SSP2,date=2022-3-12T23:02:47+06:015",China,H2 wholesale dispensing,forecourt production,electrolysis,2065,0.036802879999999996
409,EJ,"GCAM_SSP2,date=2022-3-12T23:02:47+06:015",China,H2 wholesale dispensing,forecourt production,electrolysis,2070,0.041238880000000006
410,EJ,"GCAM_SSP2,date=2022-3-12T23:02:47+06:015",China,H2 wholesale dispensing,forecourt production,electrolysis,2075,0.04408512
411,EJ,"GCAM_SSP2,date=2022-3-12T23:02:47+06:015",China,H2 wholesale dispensing,forecourt production,electrolysis,2080,0.04333977
412,EJ,"GCAM_SSP2,date=2022-3-12T23:02:47+06:015",China,H2 wholesale dispensing,forecourt production,electrolysis,2085,0.04173304
413,EJ,"GCAM_SSP2,date=2022-3-12T23:02:47+06:015",China,H2 wholesale dispensing,forecourt production,electrolysis,2090,0.039824399999999996
414,EJ,"GCAM_SSP2,date=2022-3-12T23:02:47+06:015",China,H2 wholesale dispensing,forecourt production,electrolysis,2095,0.03791045
415,EJ,"GCAM_SSP2,date=2022-3-12T23:02:47+06:015",China,H2 wholesale dispensing,forecourt production,electrolysis,2100,0.03529426
416,EJ,"GCAM_SSP2,date=2022-3-12T23:02:47+06:015",China,H2 wholesale dispensing,forecourt production,natural gas steam reforming,2025,0.0179192
417,EJ,"GCAM_SSP2,date=2022-3-12T23:02:47+06:015",China,H2 wholesale dispensing,forecourt production,natural gas steam reforming,2030,0.0852893
418,EJ,"GCAM_SSP2,date=2022-3-12T23:02:47+06:015",China,H2 wholesale dispensing,forecourt production,natural gas steam reforming,2035,0.21370490000000003
419,EJ,"GCAM_SSP2,date=2022-3-12T23:02:47+06:015",China,H2 wholesale dispensing,forecourt production,natural gas steam reforming,2040,0.34626554
420,EJ,"GCAM_SSP2,date=2022-3-12T23:02:47+06:015",China,H2 wholesale dispensing,forecourt production,natural gas steam reforming,2045,0.46591839999999995
421,EJ,"GCAM_SSP2,date=2022-3-12T23:02:47+06:015",China,H2 wholesale dispensing,forecourt production,natural gas steam reforming,2050,0.5644849
422,EJ,"GCAM_SSP2,date=2022-3-12T23:02:47+06:015",China,H2 wholesale dispensing,forecourt production,natural gas steam reforming,2055,0.632822
423,EJ,"GCAM_SSP2,date=2022-3-12T23:02:47+06:015",China,H2 wholesale dispensing,forecourt production,natural gas steam reforming,2060,0.699222
424,EJ,"GCAM_SSP2,date=2022-3-12T23:02:47+06:015",China,H2 wholesale dispensing,forecourt production,natural gas steam reforming,2065,0.763435
425,EJ,"GCAM_SSP2,date=2022-3-12T23:02:47+06:015",China,H2 wholesale dispensing,forecourt production,natural gas steam reforming,2070,0.8184830000000001
426,EJ,"GCAM_SSP2,date=2022-3-12T23:02:47+06:015",China,H2 wholesale dispensing,forecourt production,natural gas steam reforming,2075,0.8626320000000001
427,EJ,"GCAM_SSP2,date=2022-3-12T23:02:47+06:015",China,H2 wholesale dispensing,forecourt production,natural gas steam reforming,2080,0.882351
428,EJ,"GCAM_SSP2,date=2022-3-12T23:02:47+06:015",China,H2 wholesale dispensing,forecourt production,natural gas steam reforming,2085,0.8859999999999999
429,EJ,"GCAM_SSP2,date=2022-3-12T23:02:47+06:015",China,H2 wholesale dispensing,forecourt production,natural gas steam reforming,2090,0.884447
430,EJ,"GCAM_SSP2,date=2022-3-12T23:02:47+06:015",China,H2 wholesale dispensing,forecourt production,natural gas steam reforming,2095,0.883354
431,EJ,"GCAM_SSP2,date=2022-3-12T23:02:47+06:015",China,H2 wholesale dispensing,forecourt production,natural gas steam reforming,2100,0.904404
432,EJ,"GCAM_SSP2,date=2022-3-12T23:02:47+06:015",India,H2 central production,biomass,biomass to H2,2025,0.010351
433,EJ,"GCAM_SSP2,date=2022-3-12T23:02:47+06:015",India,H2 central production,biomass,biomass to H2,2030,0.03992031
434,EJ,"GCAM_SSP2,date=2022-3-12T23:02:47+06:015",India,H2 central production,biomass,biomass to H2,2035,0.06858824999999999
435,EJ,"GCAM_SSP2,date=2022-3-12T23:02:47+06:015",India,H2 central production,biomass,biomass to H2,2040,0.09059151
436,EJ,"GCAM_SSP2,date=2022-3-12T23:02:47+06:015",India,H2 central production,biomass,biomass to H2,2045,0.10334637
437,EJ,"GCAM_SSP2,date=2022-3-12T23:02:47+06:015",India,H2 central production,biomass,biomass to H2,2050,0.10672175
438,EJ,"GCAM_SSP2,date=2022-3-12T23:02:47+06:015",India,H2 central production,biomass,biomass to H2,2055,0.11113382999999999
439,EJ,"GCAM_SSP2,date=2022-3-12T23:02:47+06:015",India,H2 central production,biomass,biomass to H2,2060,0.1173614
440,EJ,"GCAM_SSP2,date=2022-3-12T23:02:47+06:015",India,H2 central production,biomass,biomass to H2,2065,0.12355481
441,EJ,"GCAM_SSP2,date=2022-3-12T23:02:47+06:015",India,H2 central production,biomass,biomass to H2,2070,0.1308979
442,EJ,"GCAM_SSP2,date=2022-3-12T23:02:47+06:015",India,H2 central production,biomass,biomass to H2,2075,0.13781575000000001
443,EJ,"GCAM_SSP2,date=2022-3-12T23:02:47+06:015",India,H2 central production,biomass,biomass to H2,2080,0.14369588
444,EJ,"GCAM_SSP2,date=2022-3-12T23:02:47+06:015",India,H2 central production,biomass,biomass to H2,2085,0.14897954
445,EJ,"GCAM_SSP2,date=2022-3-12T23:02:47+06:015",India,H2 central production,biomass,biomass to H2,2090,0.15526577
446,EJ,"GCAM_SSP2,date=2022-3-12T23:02:47+06:015",India,H2 central production,biomass,biomass to H2,2095,0.16173865999999998
447,EJ,"GCAM_SSP2,date=2022-3-12T23:02:47+06:015",India,H2 central production,biomass,biomass to H2,2100,0.16908803
448,EJ,"GCAM_SSP2,date=2022-3-12T23:02:47+06:015",India,H2 central production,electricity,electrolysis,2025,0.000383561
449,EJ,"GCAM_SSP2,date=2022-3-12T23:02:47+06:015",India,H2 central production,electricity,electrolysis,2030,0.0013011549249999999
450,EJ,"GCAM_SSP2,date=2022-3-12T23:02:47+06:015",India,H2 central production,electricity,electrolysis,2035,0.001603098164
451,EJ,"GCAM_SSP2,date=2022-3-12T23:02:47+06:015",India,H2 central production,electricity,electrolysis,2040,0.001574980165
452,EJ,"GCAM_SSP2,date=2022-3-12T23:02:47+06:015",India,H2 central production,electricity,electrolysis,2045,0.0014483158550000002
453,EJ,"GCAM_SSP2,date=2022-3-12T23:02:47+06:015",India,H2 central production,electricity,electrolysis,2050,0.001535190337
454,EJ,"GCAM_SSP2,date=2022-3-12T23:02:47+06:015",India,H2 central production,electricity,electrolysis,2055,0.001726355565
455,EJ,"GCAM_SSP2,date=2022-3-12T23:02:47+06:015",India,H2 central production,electricity,electrolysis,2060,0.002050802402
456,EJ,"GCAM_SSP2,date=2022-3-12T23:02:47+06:015",India,H2 central production,electricity,electrolysis,2065,0.00249042541
457,EJ,"GCAM_SSP2,date=2022-3-12T23:02:47+06:015",India,H2 central production,electricity,electrolysis,2070,0.00310181797
458,EJ,"GCAM_SSP2,date=2022-3-12T23:02:47+06:015",India,H2 central production,electricity,electrolysis,2075,0.0033621676599999996
459,EJ,"GCAM_SSP2,date=2022-3-12T23:02:47+06:015",India,H2 central production,electricity,electrolysis,2080,0.0033131618
460,EJ,"GCAM_SSP2,date=2022-3-12T23:02:47+06:015",India,H2 central production,electricity,electrolysis,2085,0.0031675576699999996
461,EJ,"GCAM_SSP2,date=2022-3-12T23:02:47+06:015",India,H2 central production,electricity,electrolysis,2090,0.0032322081200000003
462,EJ,"GCAM_SSP2,date=2022-3-12T23:02:47+06:015",India,H2 central production,electricity,electrolysis,2095,0.00324659549
463,EJ,"GCAM_SSP2,date=2022-3-12T23:02:47+06:015",India,H2 central production,electricity,electrolysis,2100,0.0033645674
464,EJ,"GCAM_SSP2,date=2022-3-12T23:02:47+06:015",India,H2 central production,gas,natural gas steam reforming,2025,0.0699977
465,EJ,"GCAM_SSP2,date=2022-3-12T23:02:47+06:015",India,H2 central production,gas,natural gas steam reforming,2030,0.269177
466,EJ,"GCAM_SSP2,date=2022-3-12T23:02:47+06:015",India,H2 central production,gas,natural gas steam reforming,2035,0.4684358
467,EJ,"GCAM_SSP2,date=2022-3-12T23:02:47+06:015",India,H2 central production,gas,natural gas steam reforming,2040,0.6236782
468,EJ,"GCAM_SSP2,date=2022-3-12T23:02:47+06:015",India,H2 central production,gas,natural gas steam reforming,2045,0.7326933000000001
469,EJ,"GCAM_SSP2,date=2022-3-12T23:02:47+06:015",India,H2 central production,gas,natural gas steam reforming,2050,0.8142559
470,EJ,"GCAM_SSP2,date=2022-3-12T23:02:47+06:015",India,H2 central production,gas,natural gas steam reforming,2055,0.8696248
471,EJ,"GCAM_SSP2,date=2022-3-12T23:02:47+06:015",India,H2 central production,gas,natural gas steam reforming,2060,0.9082804999999999
472,EJ,"GCAM_SSP2,date=2022-3-12T23:02:47+06:015",India,H2 central production,gas,natural gas steam reforming,2065,0.9153581000000001
473,EJ,"GCAM_SSP2,date=2022-3-12T23:02:47+06:015",India,H2 central production,gas,natural gas steam reforming,2070,0.8896815
474,EJ,"GCAM_SSP2,date=2022-3-12T23:02:47+06:015",India,H2 central production,gas,natural gas steam reforming,2075,0.8610035
475,EJ,"GCAM_SSP2,date=2022-3-12T23:02:47+06:015",India,H2 central production,gas,natural gas steam reforming,2080,0.8368689
476,EJ,"GCAM_SSP2,date=2022-3-12T23:02:47+06:015",India,H2 central production,gas,natural gas steam reforming,2085,0.8126234
477,EJ,"GCAM_SSP2,date=2022-3-12T23:02:47+06:015",India,H2 central production,gas,natural gas steam reforming,2090,0.7884912
478,EJ,"GCAM_SSP2,date=2022-3-12T23:02:47+06:015",India,H2 central production,gas,natural gas steam reforming,2095,0.7553852999999999
479,EJ,"GCAM_SSP2,date=2022-3-12T23:02:47+06:015",India,H2 central production,gas,natural gas steam reforming,2100,0.7135916999999999
480,EJ,"GCAM_SSP2,date=2022-3-12T23:02:47+06:015",India,H2 central production,nuclear,thermal splitting,2025,0.00456527
481,EJ,"GCAM_SSP2,date=2022-3-12T23:02:47+06:015",India,H2 central production,nuclear,thermal splitting,2030,0.01741005
482,EJ,"GCAM_SSP2,date=2022-3-12T23:02:47+06:015",India,H2 central production,nuclear,thermal splitting,2035,0.03057657
483,EJ,"GCAM_SSP2,date=2022-3-12T23:02:47+06:015",India,H2 central production,nuclear,thermal splitting,2040,0.041398449999999996
484,EJ,"GCAM_SSP2,date=2022-3-12T23:02:47+06:015",India,H2 central production,nuclear,thermal splitting,2045,0.04923678
485,EJ,"GCAM_SSP2,date=2022-3-12T23:02:47+06:015",India,H2 central production,nuclear,thermal splitting,2050,0.05586124
486,EJ,"GCAM_SSP2,date=2022-3-12T23:02:47+06:015",India,H2 central production,nuclear,thermal splitting,2055,0.06168503
487,EJ,"GCAM_SSP2,date=2022-3-12T23:02:47+06:015",India,H2 central production,nuclear,thermal splitting,2060,0.06714039
488,EJ,"GCAM_SSP2,date=2022-3-12T23:02:47+06:015",India,H2 central production,nuclear,thermal splitting,2065,0.0714502
489,EJ,"GCAM_SSP2,date=2022-3-12T23:02:47+06:015",India,H2 central production,nuclear,thermal splitting,2070,0.07498409
490,EJ,"GCAM_SSP2,date=2022-3-12T23:02:47+06:015",India,H2 central production,nuclear,thermal splitting,2075,0.07887311000000001
491,EJ,"GCAM_SSP2,date=2022-3-12T23:02:47+06:015",India,H2 central production,nuclear,thermal splitting,2080,0.08258894
492,EJ,"GCAM_SSP2,date=2022-3-12T23:02:47+06:015",India,H2 central production,nuclear,thermal splitting,2085,0.08549053
493,EJ,"GCAM_SSP2,date=2022-3-12T23:02:47+06:015",India,H2 central production,nuclear,thermal splitting,2090,0.08780864000000001
494,EJ,"GCAM_SSP2,date=2022-3-12T23:02:47+06:015",India,H2 central production,nuclear,thermal splitting,2095,0.08897319000000001
495,EJ,"GCAM_SSP2,date=2022-3-12T23:02:47+06:015",India,H2 central production,nuclear,thermal splitting,2100,0.08940576
496,EJ,"GCAM_SSP2,date=2022-3-12T23:02:47+06:015",India,H2 central production,solar,electrolysis,2025,0.000815929
497,EJ,"GCAM_SSP2,date=2022-3-12T23:02:47+06:015",India,H2 central production,solar,electrolysis,2030,0.004867174
498,EJ,"GCAM_SSP2,date=2022-3-12T23:02:47+06:015",India,H2 central production,solar,electrolysis,2035,0.011664948000000001
499,EJ,"GCAM_SSP2,date=2022-3-12T23:02:47+06:015",India,H2 central production,solar,electrolysis,2040,0.020585443000000002
500,EJ,"GCAM_SSP2,date=2022-3-12T23:02:47+06:015",India,H2 central production,solar,electrolysis,2045,0.029614672
501,EJ,"GCAM_SSP2,date=2022-3-12T23:02:47+06:015",India,H2 central production,solar,electrolysis,2050,0.040261463
502,EJ,"GCAM_SSP2,date=2022-3-12T23:02:47+06:015",India,H2 central production,solar,electrolysis,2055,0.051570505
503,EJ,"GCAM_SSP2,date=2022-3-12T23:02:47+06:015",India,H2 central production,solar,electrolysis,2060,0.06378288600000001
504,EJ,"GCAM_SSP2,date=2022-3-12T23:02:47+06:015",India,H2 central production,solar,electrolysis,2065,0.07709419
505,EJ,"GCAM_SSP2,date=2022-3-12T23:02:47+06:015",India,H2 central production,solar,electrolysis,2070,0.09157950000000001
506,EJ,"GCAM_SSP2,date=2022-3-12T23:02:47+06:015",India,H2 central production,solar,electrolysis,2075,0.10455432
507,EJ,"GCAM_SSP2,date=2022-3-12T23:02:47+06:015",India,H2 central production,solar,electrolysis,2080,0.11424067
508,EJ,"GCAM_SSP2,date=2022-3-12T23:02:47+06:015",India,H2 central production,solar,electrolysis,2085,0.12058963
509,EJ,"GCAM_SSP2,date=2022-3-12T23:02:47+06:015",India,H2 central production,solar,electrolysis,2090,0.12468723000000001
510,EJ,"GCAM_SSP2,date=2022-3-12T23:02:47+06:015",India,H2 central production,solar,electrolysis,2095,0.12643922000000002
511,EJ,"GCAM_SSP2,date=2022-3-12T23:02:47+06:015",India,H2 central production,solar,electrolysis,2100,0.12665342
512,EJ,"GCAM_SSP2,date=2022-3-12T23:02:47+06:015",India,H2 central production,wind,electrolysis,2025,0.00215148
513,EJ,"GCAM_SSP2,date=2022-3-12T23:02:47+06:015",India,H2 central production,wind,electrolysis,2030,0.00964832
514,EJ,"GCAM_SSP2,date=2022-3-12T23:02:47+06:015",India,H2 central production,wind,electrolysis,2035,0.019139240000000002
515,EJ,"GCAM_SSP2,date=2022-3-12T23:02:47+06:015",India,H2 central production,wind,electrolysis,2040,0.02887641
516,EJ,"GCAM_SSP2,date=2022-3-12T23:02:47+06:015",India,H2 central production,wind,electrolysis,2045,0.037249130000000005
517,EJ,"GCAM_SSP2,date=2022-3-12T23:02:47+06:015",India,H2 central production,wind,electrolysis,2050,0.045841559999999996
518,EJ,"GCAM_SSP2,date=2022-3-12T23:02:47+06:015",India,H2 central production,wind,electrolysis,2055,0.05447652
519,EJ,"GCAM_SSP2,date=2022-3-12T23:02:47+06:015",India,H2 central production,wind,electrolysis,2060,0.063674325
520,EJ,"GCAM_SSP2,date=2022-3-12T23:02:47+06:015",India,H2 central production,wind,electrolysis,2065,0.07323906999999999
521,EJ,"GCAM_SSP2,date=2022-3-12T23:02:47+06:015",India,H2 central production,wind,electrolysis,2070,0.08329606
522,EJ,"GCAM_SSP2,date=2022-3-12T23:02:47+06:015",India,H2 central production,wind,electrolysis,2075,0.09232659
523,EJ,"GCAM_SSP2,date=2022-3-12T23:02:47+06:015",India,H2 central production,wind,electrolysis,2080,0.09897169
524,EJ,"GCAM_SSP2,date=2022-3-12T23:02:47+06:015",India,H2 central production,wind,electrolysis,2085,0.10325952999999999
525,EJ,"GCAM_SSP2,date=2022-3-12T23:02:47+06:015",India,H2 central production,wind,electrolysis,2090,0.10586198
526,EJ,"GCAM_SSP2,date=2022-3-12T23:02:47+06:015",India,H2 central production,wind,electrolysis,2095,0.10655142000000001
527,EJ,"GCAM_SSP2,date=2022-3-12T23:02:47+06:015",India,H2 central production,wind,electrolysis,2100,0.10593959
528,EJ,"GCAM_SSP2,date=2022-3-12T23:02:47+06:015",India,H2 industrial,forecourt production,electrolysis,2025,0.0141741
529,EJ,"GCAM_SSP2,date=2022-3-12T23:02:47+06:015",India,H2 industrial,forecourt production,electrolysis,2030,0.019027083
530,EJ,"GCAM_SSP2,date=2022-3-12T23:02:47+06:015",India,H2 industrial,forecourt production,electrolysis,2035,0.036153506999999994
531,EJ,"GCAM_SSP2,date=2022-3-12T23:02:47+06:015",India,H2 industrial,forecourt production,electrolysis,2040,0.054643381000000005
532,EJ,"GCAM_SSP2,date=2022-3-12T23:02:47+06:015",India,H2 industrial,forecourt production,electrolysis,2045,0.071811613
533,EJ,"GCAM_SSP2,date=2022-3-12T23:02:47+06:015",India,H2 industrial,forecourt production,electrolysis,2050,0.089909976
534,EJ,"GCAM_SSP2,date=2022-3-12T23:02:47+06:015",India,H2 industrial,forecourt production,electrolysis,2055,0.10911865
535,EJ,"GCAM_SSP2,date=2022-3-12T23:02:47+06:015",India,H2 industrial,forecourt production,electrolysis,2060,0.12745815
536,EJ,"GCAM_SSP2,date=2022-3-12T23:02:47+06:015",India,H2 industrial,forecourt production,electrolysis,2065,0.1462286
537,EJ,"GCAM_SSP2,date=2022-3-12T23:02:47+06:015",India,H2 industrial,forecourt production,electrolysis,2070,0.16312137999999998
538,EJ,"GCAM_SSP2,date=2022-3-12T23:02:47+06:015",India,H2 industrial,forecourt production,electrolysis,2075,0.17436134
539,EJ,"GCAM_SSP2,date=2022-3-12T23:02:47+06:015",India,H2 industrial,forecourt production,electrolysis,2080,0.17839021
540,EJ,"GCAM_SSP2,date=2022-3-12T23:02:47+06:015",India,H2 industrial,forecourt production,electrolysis,2085,0.17933770000000002
541,EJ,"GCAM_SSP2,date=2022-3-12T23:02:47+06:015",India,H2 industrial,forecourt production,electrolysis,2090,0.1784251
542,EJ,"GCAM_SSP2,date=2022-3-12T23:02:47+06:015",India,H2 industrial,forecourt production,electrolysis,2095,0.17894100000000002
543,EJ,"GCAM_SSP2,date=2022-3-12T23:02:47+06:015",India,H2 industrial,forecourt production,electrolysis,2100,0.1798582
544,EJ,"GCAM_SSP2,date=2022-3-12T23:02:47+06:015",India,H2 wholesale dispensing,forecourt production,electrolysis,2025,7.21076e-05
545,EJ,"GCAM_SSP2,date=2022-3-12T23:02:47+06:015",India,H2 wholesale dispensing,forecourt production,electrolysis,2030,0.00037225132999999997
546,EJ,"GCAM_SSP2,date=2022-3-12T23:02:47+06:015",India,H2 wholesale dispensing,forecourt production,electrolysis,2035,0.00118079676
547,EJ,"GCAM_SSP2,date=2022-3-12T23:02:47+06:015",India,H2 wholesale dispensing,forecourt production,electrolysis,2040,0.00210972938
548,EJ,"GCAM_SSP2,date=2022-3-12T23:02:47+06:015",India,H2 wholesale dispensing,forecourt production,electrolysis,2045,0.0028540301
549,EJ,"GCAM_SSP2,date=2022-3-12T23:02:47+06:015",India,H2 wholesale dispensing,forecourt production,electrolysis,2050,0.0036925807
550,EJ,"GCAM_SSP2,date=2022-3-12T23:02:47+06:015",India,H2 wholesale dispensing,forecourt production,electrolysis,2055,0.004817109
551,EJ,"GCAM_SSP2,date=2022-3-12T23:02:47+06:015",India,H2 wholesale dispensing,forecourt production,electrolysis,2060,0.006506733
552,EJ,"GCAM_SSP2,date=2022-3-12T23:02:47+06:015",India,H2 wholesale dispensing,forecourt production,electrolysis,2065,0.008561533999999999
553,EJ,"GCAM_SSP2,date=2022-3-12T23:02:47+06:015",India,H2 wholesale dispensing,forecourt production,electrolysis,2070,0.010739464
554,EJ,"GCAM_SSP2,date=2022-3-12T23:02:47+06:015",India,H2 wholesale dispensing,forecourt production,electrolysis,2075,0.013250636
555,EJ,"GCAM_SSP2,date=2022-3-12T23:02:47+06:015",India,H2 wholesale dispensing,forecourt production,electrolysis,2080,0.01549812
556,EJ,"GCAM_SSP2,date=2022-3-12T23:02:47+06:015",India,H2 wholesale dispensing,forecourt production,electrolysis,2085,0.01751125
557,EJ,"GCAM_SSP2,date=2022-3-12T23:02:47+06:015",India,H2 wholesale dispensing,forecourt production,electrolysis,2090,0.019441319999999998
558,EJ,"GCAM_SSP2,date=2022-3-12T23:02:47+06:015",India,H2 wholesale dispensing,forecourt production,electrolysis,2095,0.0215907
559,EJ,"GCAM_SSP2,date=2022-3-12T23:02:47+06:015",India,H2 wholesale dispensing,forecourt production,electrolysis,2100,0.02395928
560,EJ,"GCAM_SSP2,date=2022-3-12T23:02:47+06:015",India,H2 wholesale dispensing,forecourt production,natural gas steam reforming,2025,0.00742563
561,EJ,"GCAM_SSP2,date=2022-3-12T23:02:47+06:015",India,H2 wholesale dispensing,forecourt production,natural gas steam reforming,2030,0.03511989
562,EJ,"GCAM_SSP2,date=2022-3-12T23:02:47+06:015",India,H2 wholesale dispensing,forecourt production,natural gas steam reforming,2035,0.10246236
563,EJ,"GCAM_SSP2,date=2022-3-12T23:02:47+06:015",India,H2 wholesale dispensing,forecourt production,natural gas steam reforming,2040,0.1857773
564,EJ,"GCAM_SSP2,date=2022-3-12T23:02:47+06:015",India,H2 wholesale dispensing,forecourt production,natural gas steam reforming,2045,0.2636672
565,EJ,"GCAM_SSP2,date=2022-3-12T23:02:47+06:015",India,H2 wholesale dispensing,forecourt production,natural gas steam reforming,2050,0.3307276
566,EJ,"GCAM_SSP2,date=2022-3-12T23:02:47+06:015",India,H2 wholesale dispensing,forecourt production,natural gas steam reforming,2055,0.383509
567,EJ,"GCAM_SSP2,date=2022-3-12T23:02:47+06:015",India,H2 wholesale dispensing,forecourt production,natural gas steam reforming,2060,0.44213820000000004
568,EJ,"GCAM_SSP2,date=2022-3-12T23:02:47+06:015",India,H2 wholesale dispensing,forecourt production,natural gas steam reforming,2065,0.5122568000000001
569,EJ,"GCAM_SSP2,date=2022-3-12T23:02:47+06:015",India,H2 wholesale dispensing,forecourt production,natural gas steam reforming,2070,0.5905318
570,EJ,"GCAM_SSP2,date=2022-3-12T23:02:47+06:015",India,H2 wholesale dispensing,forecourt production,natural gas steam reforming,2075,0.6783656
571,EJ,"GCAM_SSP2,date=2022-3-12T23:02:47+06:015",India,H2 wholesale dispensing,forecourt production,natural gas steam reforming,2080,0.761603
572,EJ,"GCAM_SSP2,date=2022-3-12T23:02:47+06:015",India,H2 wholesale dispensing,forecourt production,natural gas steam reforming,2085,0.835426
573,EJ,"GCAM_SSP2,date=2022-3-12T23:02:47+06:015",India,H2 wholesale dispensing,forecourt production,natural gas steam reforming,2090,0.9001790000000001
574,EJ,"GCAM_SSP2,date=2022-3-12T23:02:47+06:015",India,H2 wholesale dispensing,forecourt production,natural gas steam reforming,2095,0.950596
575,EJ,"GCAM_SSP2,date=2022-3-12T23:02:47+06:015",India,H2 wholesale dispensing,forecourt production,natural gas steam reforming,2100,0.989426
576,EJ,"GCAM_SSP2,date=2022-3-12T23:02:47+06:015",South Asia,H2 central production,biomass,biomass to H2,2025,0.000125264
577,EJ,"GCAM_SSP2,date=2022-3-12T23:02:47+06:015",South Asia,H2 central production,biomass,biomass to H2,2030,0.000982085
578,EJ,"GCAM_SSP2,date=2022-3-12T23:02:47+06:015",South Asia,H2 central production,biomass,biomass to H2,2035,0.0023072179999999998
579,EJ,"GCAM_SSP2,date=2022-3-12T23:02:47+06:015",South Asia,H2 central production,biomass,biomass to H2,2040,0.0038415001
580,EJ,"GCAM_SSP2,date=2022-3-12T23:02:47+06:015",South Asia,H2 central production,biomass,biomass to H2,2045,0.00528918
581,EJ,"GCAM_SSP2,date=2022-3-12T23:02:47+06:015",South Asia,H2 central production,biomass,biomass to H2,2050,0.0065659527
582,EJ,"GCAM_SSP2,date=2022-3-12T23:02:47+06:015",South Asia,H2 central production,biomass,biomass to H2,2055,0.007572774500000001
583,EJ,"GCAM_SSP2,date=2022-3-12T23:02:47+06:015",South Asia,H2 central production,biomass,biomass to H2,2060,0.0087619117
584,EJ,"GCAM_SSP2,date=2022-3-12T23:02:47+06:015",South Asia,H2 central production,biomass,biomass to H2,2065,0.010068549999999999
585,EJ,"GCAM_SSP2,date=2022-3-12T23:02:47+06:015",South Asia,H2 central production,biomass,biomass to H2,2070,0.011474901
586,EJ,"GCAM_SSP2,date=2022-3-12T23:02:47+06:015",South Asia,H2 central production,biomass,biomass to H2,2075,0.012952908999999999
587,EJ,"GCAM_SSP2,date=2022-3-12T23:02:47+06:015",South Asia,H2 central production,biomass,biomass to H2,2080,0.014498965
588,EJ,"GCAM_SSP2,date=2022-3-12T23:02:47+06:015",South Asia,H2 central production,biomass,biomass to H2,2085,0.016072505
589,EJ,"GCAM_SSP2,date=2022-3-12T23:02:47+06:015",South Asia,H2 central production,biomass,biomass to H2,2090,0.017644769999999997
590,EJ,"GCAM_SSP2,date=2022-3-12T23:02:47+06:015",South Asia,H2 central production,biomass,biomass to H2,2095,0.019204411
591,EJ,"GCAM_SSP2,date=2022-3-12T23:02:47+06:015",South Asia,H2 central production,biomass,biomass to H2,2100,0.020704371
592,EJ,"GCAM_SSP2,date=2022-3-12T23:02:47+06:015",South Asia,H2 central production,electricity,electrolysis,2025,5.14998e-06
593,EJ,"GCAM_SSP2,date=2022-3-12T23:02:47+06:015",South Asia,H2 central production,electricity,electrolysis,2030,4.2908068300000004e-05
594,EJ,"GCAM_SSP2,date=2022-3-12T23:02:47+06:015",South Asia,H2 central production,electricity,electrolysis,2035,7.80065169e-05
595,EJ,"GCAM_SSP2,date=2022-3-12T23:02:47+06:015",South Asia,H2 central production,electricity,electrolysis,2040,0.0001056243271
596,EJ,"GCAM_SSP2,date=2022-3-12T23:02:47+06:015",South Asia,H2 central production,electricity,electrolysis,2045,0.0001230022717
597,EJ,"GCAM_SSP2,date=2022-3-12T23:02:47+06:015",South Asia,H2 central production,electricity,electrolysis,2050,0.0001499298404
598,EJ,"GCAM_SSP2,date=2022-3-12T23:02:47+06:015",South Asia,H2 central production,electricity,electrolysis,2055,0.00016125199560000002
599,EJ,"GCAM_SSP2,date=2022-3-12T23:02:47+06:015",South Asia,H2 central production,electricity,electrolysis,2060,0.0002099116402
600,EJ,"GCAM_SSP2,date=2022-3-12T23:02:47+06:015",South Asia,H2 central production,electricity,electrolysis,2065,0.000261861705
601,EJ,"GCAM_SSP2,date=2022-3-12T23:02:47+06:015",South Asia,H2 central production,electricity,electrolysis,2070,0.00031572244099999997
602,EJ,"GCAM_SSP2,date=2022-3-12T23:02:47+06:015",South Asia,H2 central production,electricity,electrolysis,2075,0.00035761744400000003
603,EJ,"GCAM_SSP2,date=2022-3-12T23:02:47+06:015",South Asia,H2 central production,electricity,electrolysis,2080,0.00038763340500000003
604,EJ,"GCAM_SSP2,date=2022-3-12T23:02:47+06:015",South Asia,H2 central production,electricity,electrolysis,2085,0.000411025977
605,EJ,"GCAM_SSP2,date=2022-3-12T23:02:47+06:015",South Asia,H2 central production,electricity,electrolysis,2090,0.00043434916
606,EJ,"GCAM_SSP2,date=2022-3-12T23:02:47+06:015",South Asia,H2 central production,electricity,electrolysis,2095,0.00045443338
607,EJ,"GCAM_SSP2,date=2022-3-12T23:02:47+06:015",South Asia,H2 central production,electricity,electrolysis,2100,0.00048000216999999996
608,EJ,"GCAM_SSP2,date=2022-3-12T23:02:47+06:015",South Asia,H2 central production,gas,natural gas steam reforming,2025,0.000525205
609,EJ,"GCAM_SSP2,date=2022-3-12T23:02:47+06:015",South Asia,H2 central production,gas,natural gas steam reforming,2030,0.0037910469999999996
610,EJ,"GCAM_SSP2,date=2022-3-12T23:02:47+06:015",South Asia,H2 central production,gas,natural gas steam reforming,2035,0.008258995
611,EJ,"GCAM_SSP2,date=2022-3-12T23:02:47+06:015",South Asia,H2 central production,gas,natural gas steam reforming,2040,0.013033327
612,EJ,"GCAM_SSP2,date=2022-3-12T23:02:47+06:015",South Asia,H2 central production,gas,natural gas steam reforming,2045,0.017495356
613,EJ,"GCAM_SSP2,date=2022-3-12T23:02:47+06:015",South Asia,H2 central production,gas,natural gas steam reforming,2050,0.021824050999999997
614,EJ,"GCAM_SSP2,date=2022-3-12T23:02:47+06:015",South Asia,H2 central production,gas,natural gas steam reforming,2055,0.025260789
615,EJ,"GCAM_SSP2,date=2022-3-12T23:02:47+06:015",South Asia,H2 central production,gas,natural gas steam reforming,2060,0.029049061
616,EJ,"GCAM_SSP2,date=2022-3-12T23:02:47+06:015",South Asia,H2 central production,gas,natural gas steam reforming,2065,0.03273485
617,EJ,"GCAM_SSP2,date=2022-3-12T23:02:47+06:015",South Asia,H2 central production,gas,natural gas steam reforming,2070,0.03567643
618,EJ,"GCAM_SSP2,date=2022-3-12T23:02:47+06:015",South Asia,H2 central production,gas,natural gas steam reforming,2075,0.03836585000000001
619,EJ,"GCAM_SSP2,date=2022-3-12T23:02:47+06:015",South Asia,H2 central production,gas,natural gas steam reforming,2080,0.04069183
620,EJ,"GCAM_SSP2,date=2022-3-12T23:02:47+06:015",South Asia,H2 central production,gas,natural gas steam reforming,2085,0.04269199
621,EJ,"GCAM_SSP2,date=2022-3-12T23:02:47+06:015",South Asia,H2 central production,gas,natural gas steam reforming,2090,0.044178800000000004
622,EJ,"GCAM_SSP2,date=2022-3-12T23:02:47+06:015",South Asia,H2 central production,gas,natural gas steam reforming,2095,0.04499971
623,EJ,"GCAM_SSP2,date=2022-3-12T23:02:47+06:015",South Asia,H2 central production,gas,natural gas steam reforming,2100,0.04501128
624,EJ,"GCAM_SSP2,date=2022-3-12T23:02:47+06:015",South Asia,H2 central production,nuclear,thermal splitting,2025,4.97502e-05
625,EJ,"GCAM_SSP2,date=2022-3-12T23:02:47+06:015",South Asia,H2 central production,nuclear,thermal splitting,2030,0.0003771063
626,EJ,"GCAM_SSP2,date=2022-3-12T23:02:47+06:015",South Asia,H2 central production,nuclear,thermal splitting,2035,0.0008766498
627,EJ,"GCAM_SSP2,date=2022-3-12T23:02:47+06:015",South Asia,H2 central production,nuclear,thermal splitting,2040,0.0014682985
628,EJ,"GCAM_SSP2,date=2022-3-12T23:02:47+06:015",South Asia,H2 central production,nuclear,thermal splitting,2045,0.0020598633
629,EJ,"GCAM_SSP2,date=2022-3-12T23:02:47+06:015",South Asia,H2 central production,nuclear,thermal splitting,2050,0.0027138544999999997
630,EJ,"GCAM_SSP2,date=2022-3-12T23:02:47+06:015",South Asia,H2 central production,nuclear,thermal splitting,2055,0.0033130831
631,EJ,"GCAM_SSP2,date=2022-3-12T23:02:47+06:015",South Asia,H2 central production,nuclear,thermal splitting,2060,0.0040145307
632,EJ,"GCAM_SSP2,date=2022-3-12T23:02:47+06:015",South Asia,H2 central production,nuclear,thermal splitting,2065,0.004801975
633,EJ,"GCAM_SSP2,date=2022-3-12T23:02:47+06:015",South Asia,H2 central production,nuclear,thermal splitting,2070,0.0056225730000000005
634,EJ,"GCAM_SSP2,date=2022-3-12T23:02:47+06:015",South Asia,H2 central production,nuclear,thermal splitting,2075,0.006472389
635,EJ,"GCAM_SSP2,date=2022-3-12T23:02:47+06:015",South Asia,H2 central production,nuclear,thermal splitting,2080,0.007325645
636,EJ,"GCAM_SSP2,date=2022-3-12T23:02:47+06:015",South Asia,H2 central production,nuclear,thermal splitting,2085,0.008148505
637,EJ,"GCAM_SSP2,date=2022-3-12T23:02:47+06:015",South Asia,H2 central production,nuclear,thermal splitting,2090,0.008891641
638,EJ,"GCAM_SSP2,date=2022-3-12T23:02:47+06:015",South Asia,H2 central production,nuclear,thermal splitting,2095,0.009545941999999998
639,EJ,"GCAM_SSP2,date=2022-3-12T23:02:47+06:015",South Asia,H2 central production,nuclear,thermal splitting,2100,0.01006402
640,EJ,"GCAM_SSP2,date=2022-3-12T23:02:47+06:015",South Asia,H2 central production,solar,electrolysis,2025,9.71102e-06
641,EJ,"GCAM_SSP2,date=2022-3-12T23:02:47+06:015",South Asia,H2 central production,solar,electrolysis,2030,0.00012172936
642,EJ,"GCAM_SSP2,date=2022-3-12T23:02:47+06:015",South Asia,H2 central production,solar,electrolysis,2035,0.00039891444
643,EJ,"GCAM_SSP2,date=2022-3-12T23:02:47+06:015",South Asia,H2 central production,solar,electrolysis,2040,0.00090962688
644,EJ,"GCAM_SSP2,date=2022-3-12T23:02:47+06:015",South Asia,H2 central production,solar,electrolysis,2045,0.00158295002
645,EJ,"GCAM_SSP2,date=2022-3-12T23:02:47+06:015",South Asia,H2 central production,solar,electrolysis,2050,0.0025356743099999995
646,EJ,"GCAM_SSP2,date=2022-3-12T23:02:47+06:015",South Asia,H2 central production,solar,electrolysis,2055,0.0035173650099999997
647,EJ,"GCAM_SSP2,date=2022-3-12T23:02:47+06:015",South Asia,H2 central production,solar,electrolysis,2060,0.0047380709
648,EJ,"GCAM_SSP2,date=2022-3-12T23:02:47+06:015",South Asia,H2 central production,solar,electrolysis,2065,0.0062071816
649,EJ,"GCAM_SSP2,date=2022-3-12T23:02:47+06:015",South Asia,H2 central production,solar,electrolysis,2070,0.007862262
650,EJ,"GCAM_SSP2,date=2022-3-12T23:02:47+06:015",South Asia,H2 central production,solar,electrolysis,2075,0.009559406
651,EJ,"GCAM_SSP2,date=2022-3-12T23:02:47+06:015",South Asia,H2 central production,solar,electrolysis,2080,0.011162317000000001
652,EJ,"GCAM_SSP2,date=2022-3-12T23:02:47+06:015",South Asia,H2 central production,solar,electrolysis,2085,0.012602275999999999
653,EJ,"GCAM_SSP2,date=2022-3-12T23:02:47+06:015",South Asia,H2 central production,solar,electrolysis,2090,0.013812546
654,EJ,"GCAM_SSP2,date=2022-3-12T23:02:47+06:015",South Asia,H2 central production,solar,electrolysis,2095,0.014813508
655,EJ,"GCAM_SSP2,date=2022-3-12T23:02:47+06:015",South Asia,H2 central production,solar,electrolysis,2100,0.015553991
656,EJ,"GCAM_SSP2,date=2022-3-12T23:02:47+06:015",South Asia,H2 central production,wind,electrolysis,2025,3.17796e-05
657,EJ,"GCAM_SSP2,date=2022-3-12T23:02:47+06:015",South Asia,H2 central production,wind,electrolysis,2030,0.00030736889999999996
658,EJ,"GCAM_SSP2,date=2022-3-12T23:02:47+06:015",South Asia,H2 central production,wind,electrolysis,2035,0.0008599434
659,EJ,"GCAM_SSP2,date=2022-3-12T23:02:47+06:015",South Asia,H2 central production,wind,electrolysis,2040,0.0017099241999999999
660,EJ,"GCAM_SSP2,date=2022-3-12T23:02:47+06:015",South Asia,H2 central production,wind,electrolysis,2045,0.0027123197
661,EJ,"GCAM_SSP2,date=2022-3-12T23:02:47+06:015",South Asia,H2 central production,wind,electrolysis,2050,0.0040061574999999995
662,EJ,"GCAM_SSP2,date=2022-3-12T23:02:47+06:015",South Asia,H2 central production,wind,electrolysis,2055,0.0052886157
663,EJ,"GCAM_SSP2,date=2022-3-12T23:02:47+06:015",South Asia,H2 central production,wind,electrolysis,2060,0.006862363
664,EJ,"GCAM_SSP2,date=2022-3-12T23:02:47+06:015",South Asia,H2 central production,wind,electrolysis,2065,0.008690682
665,EJ,"GCAM_SSP2,date=2022-3-12T23:02:47+06:015",South Asia,H2 central production,wind,electrolysis,2070,0.010676050999999999
666,EJ,"GCAM_SSP2,date=2022-3-12T23:02:47+06:015",South Asia,H2 central production,wind,electrolysis,2075,0.012604794
667,EJ,"GCAM_SSP2,date=2022-3-12T23:02:47+06:015",South Asia,H2 central production,wind,electrolysis,2080,0.01435746
668,EJ,"GCAM_SSP2,date=2022-3-12T23:02:47+06:015",South Asia,H2 central production,wind,electrolysis,2085,0.015875276
669,EJ,"GCAM_SSP2,date=2022-3-12T23:02:47+06:015",South Asia,H2 central production,wind,electrolysis,2090,0.017073272
670,EJ,"GCAM_SSP2,date=2022-3-12T23:02:47+06:015",South Asia,H2 central production,wind,electrolysis,2095,0.017994630999999997
671,EJ,"GCAM_SSP2,date=2022-3-12T23:02:47+06:015",South Asia,H2 central production,wind,electrolysis,2100,0.018577209
672,EJ,"GCAM_SSP2,date=2022-3-12T23:02:47+06:015",South Asia,H2 industrial,forecourt production,electrolysis,2025,4.72809e-05
673,EJ,"GCAM_SSP2,date=2022-3-12T23:02:47+06:015",South Asia,H2 industrial,forecourt production,electrolysis,2030,0.00015341052
674,EJ,"GCAM_SSP2,date=2022-3-12T23:02:47+06:015",South Asia,H2 industrial,forecourt production,electrolysis,2035,0.00040898080000000003
675,EJ,"GCAM_SSP2,date=2022-3-12T23:02:47+06:015",South Asia,H2 industrial,forecourt production,electrolysis,2040,0.0008398923000000001
676,EJ,"GCAM_SSP2,date=2022-3-12T23:02:47+06:015",South Asia,H2 industrial,forecourt production,electrolysis,2045,0.00138542591
677,EJ,"GCAM_SSP2,date=2022-3-12T23:02:47+06:015",South Asia,H2 industrial,forecourt production,electrolysis,2050,0.002001788
678,EJ,"GCAM_SSP2,date=2022-3-12T23:02:47+06:015",South Asia,H2 industrial,forecourt production,electrolysis,2055,0.0026885245
679,EJ,"GCAM_SSP2,date=2022-3-12T23:02:47+06:015",South Asia,H2 industrial,forecourt production,electrolysis,2060,0.003470794
680,EJ,"GCAM_SSP2,date=2022-3-12T23:02:47+06:015",South Asia,H2 industrial,forecourt production,electrolysis,2065,0.004294451
681,EJ,"GCAM_SSP2,date=2022-3-12T23:02:47+06:015",South Asia,H2 industrial,forecourt production,electrolysis,2070,0.005143165
682,EJ,"GCAM_SSP2,date=2022-3-12T23:02:47+06:015",South Asia,H2 industrial,forecourt production,electrolysis,2075,0.005961253
683,EJ,"GCAM_SSP2,date=2022-3-12T23:02:47+06:015",South Asia,H2 industrial,forecourt production,electrolysis,2080,0.006750203000000001
684,EJ,"GCAM_SSP2,date=2022-3-12T23:02:47+06:015",South Asia,H2 industrial,forecourt production,electrolysis,2085,0.007534615999999999
685,EJ,"GCAM_SSP2,date=2022-3-12T23:02:47+06:015",South Asia,H2 industrial,forecourt production,electrolysis,2090,0.008339261
686,EJ,"GCAM_SSP2,date=2022-3-12T23:02:47+06:015",South Asia,H2 industrial,forecourt production,electrolysis,2095,0.00921305
687,EJ,"GCAM_SSP2,date=2022-3-12T23:02:47+06:015",South Asia,H2 industrial,forecourt production,electrolysis,2100,0.010118108
688,EJ,"GCAM_SSP2,date=2022-3-12T23:02:47+06:015",South Asia,H2 wholesale dispensing,forecourt production,electrolysis,2025,9.5442e-06
689,EJ,"GCAM_SSP2,date=2022-3-12T23:02:47+06:015",South Asia,H2 wholesale dispensing,forecourt production,electrolysis,2030,5.850491e-05
690,EJ,"GCAM_SSP2,date=2022-3-12T23:02:47+06:015",South Asia,H2 wholesale dispensing,forecourt production,electrolysis,2035,0.00019140871
691,EJ,"GCAM_SSP2,date=2022-3-12T23:02:47+06:015",South Asia,H2 wholesale dispensing,forecourt production,electrolysis,2040,0.00037562667
692,EJ,"GCAM_SSP2,date=2022-3-12T23:02:47+06:015",South Asia,H2 wholesale dispensing,forecourt production,electrolysis,2045,0.0005615786000000001
693,EJ,"GCAM_SSP2,date=2022-3-12T23:02:47+06:015",South Asia,H2 wholesale dispensing,forecourt production,electrolysis,2050,0.0007488032999999999
694,EJ,"GCAM_SSP2,date=2022-3-12T23:02:47+06:015",South Asia,H2 wholesale dispensing,forecourt production,electrolysis,2055,0.0009548799
695,EJ,"GCAM_SSP2,date=2022-3-12T23:02:47+06:015",South Asia,H2 wholesale dispensing,forecourt production,electrolysis,2060,0.0012236533
696,EJ,"GCAM_SSP2,date=2022-3-12T23:02:47+06:015",South Asia,H2 wholesale dispensing,forecourt production,electrolysis,2065,0.0015140009999999998
697,EJ,"GCAM_SSP2,date=2022-3-12T23:02:47+06:015",South Asia,H2 wholesale dispensing,forecourt production,electrolysis,2070,0.001797105
698,EJ,"GCAM_SSP2,date=2022-3-12T23:02:47+06:015",South Asia,H2 wholesale dispensing,forecourt production,electrolysis,2075,0.002083026
699,EJ,"GCAM_SSP2,date=2022-3-12T23:02:47+06:015",South Asia,H2 wholesale dispensing,forecourt production,electrolysis,2080,0.00236846
700,EJ,"GCAM_SSP2,date=2022-3-12T23:02:47+06:015",South Asia,H2 wholesale dispensing,forecourt production,electrolysis,2085,0.002667463
701,EJ,"GCAM_SSP2,date=2022-3-12T23:02:47+06:015",South Asia,H2 wholesale dispensing,forecourt production,electrolysis,2090,0.0029884969999999997
702,EJ,"GCAM_SSP2,date=2022-3-12T23:02:47+06:015",South Asia,H2 wholesale dispensing,forecourt production,electrolysis,2095,0.003351138
703,EJ,"GCAM_SSP2,date=2022-3-12T23:02:47+06:015",South Asia,H2 wholesale dispensing,forecourt production,electrolysis,2100,0.003702531
704,EJ,"GCAM_SSP2,date=2022-3-12T23:02:47+06:015",South Asia,H2 wholesale dispensing,forecourt production,natural gas steam reforming,2025,0.000542145
705,EJ,"GCAM_SSP2,date=2022-3-12T23:02:47+06:015",South Asia,H2 wholesale dispensing,forecourt production,natural gas steam reforming,2030,0.002627656
706,EJ,"GCAM_SSP2,date=2022-3-12T23:02:47+06:015",South Asia,H2 wholesale dispensing,forecourt production,natural gas steam reforming,2035,0.007228829
707,EJ,"GCAM_SSP2,date=2022-3-12T23:02:47+06:015",South Asia,H2 wholesale dispensing,forecourt production,natural gas steam reforming,2040,0.013050755
708,EJ,"GCAM_SSP2,date=2022-3-12T23:02:47+06:015",South Asia,H2 wholesale dispensing,forecourt production,natural gas steam reforming,2045,0.0187863
709,EJ,"GCAM_SSP2,date=2022-3-12T23:02:47+06:015",South Asia,H2 wholesale dispensing,forecourt production,natural gas steam reforming,2050,0.023516950000000002
710,EJ,"GCAM_SSP2,date=2022-3-12T23:02:47+06:015",South Asia,H2 wholesale dispensing,forecourt production,natural gas steam reforming,2055,0.02706504
711,EJ,"GCAM_SSP2,date=2022-3-12T23:02:47+06:015",South Asia,H2 wholesale dispensing,forecourt production,natural gas steam reforming,2060,0.03073658
712,EJ,"GCAM_SSP2,date=2022-3-12T23:02:47+06:015",South Asia,H2 wholesale dispensing,forecourt production,natural gas steam reforming,2065,0.03497462
713,EJ,"GCAM_SSP2,date=2022-3-12T23:02:47+06:015",South Asia,H2 wholesale dispensing,forecourt production,natural gas steam reforming,2070,0.039840589999999995
714,EJ,"GCAM_SSP2,date=2022-3-12T23:02:47+06:015",South Asia,H2 wholesale dispensing,forecourt production,natural gas steam reforming,2075,0.04563576
715,EJ,"GCAM_SSP2,date=2022-3-12T23:02:47+06:015",South Asia,H2 wholesale dispensing,forecourt production,natural gas steam reforming,2080,0.05147079
716,EJ,"GCAM_SSP2,date=2022-3-12T23:02:47+06:015",South Asia,H2 wholesale dispensing,forecourt production,natural gas steam reforming,2085,0.057783299999999996
717,EJ,"GCAM_SSP2,date=2022-3-12T23:02:47+06:015",South Asia,H2 wholesale dispensing,forecourt production,natural gas steam reforming,2090,0.06470932
718,EJ,"GCAM_SSP2,date=2022-3-12T23:02:47+06:015",South Asia,H2 wholesale dispensing,forecourt production,natural gas steam reforming,2095,0.0720594
719,EJ,"GCAM_SSP2,date=2022-3-12T23:02:47+06:015",South Asia,H2 wholesale dispensing,forecourt production,natural gas steam reforming,2100,0.08030019999999999
